Half Inning,Inning,Outs,Balls,Strikes,Count,Batter_Team,Pitcher_Team,Date,Home Team,Away Team,Time To Plate (sec) with Man on First,Batter,Pitcher,Batter_Side,Pitcher_Side,Pitch_Type,Outcome,Quality of Contact,Spray Chart,Runners,Pitch_Location_X,Pitch_Location_Y,REMEMBER TO INSERT THE X AND Y POINTS AFTER EVERY HALF INNING! DON'T MISCLICK PLOTS
Top 1,1,0,0,0,'0-0,Kitchener Panthers,Chatham-Kent Barnstormers,"May 17, 2025",Chatham-Kent Barnstormers,Kitchener Panthers,,Yordan Manduley,Brock Whitson,R,R,Fastball,Foul,,,000,0.522028543,0.6783890298,
Top 1,1,0,0,1,'0-1,Kitchener Panthers,Chatham-Kent Barnstormers,"May 17, 2025",,,,Yordan Manduley,Brock Whitson,R,R,Fastball,Groundout,Ground Ball,Opposite Field,000,0.3241976711,0.370434636,
Top 1,1,1,0,0,'0-0,Kitchener Panthers,Chatham-Kent Barnstormers,"May 17, 2025",,,,Yonsvani Penalver,Brock Whitson,L,R,Offspeed,Ball,,,000,0.08680062482,-0.1619610956,
Top 1,1,1,1,0,'1-0,Kitchener Panthers,Chatham-Kent Barnstormers,"May 17, 2025",,,,Yonsvani Penalver,Brock Whitson,L,R,Fastball,Called Strike,,,000,1.155087333,0.0990172042,
Top 1,1,1,1,1,'1-1,Kitchener Panthers,Chatham-Kent Barnstormers,"May 17, 2025",,,,Yonsvani Penalver,Brock Whitson,L,R,Fastball,Ball,,,000,0.3901412951,-0.08888717167,
Top 1,1,1,2,1,'2-1,Kitchener Panthers,Chatham-Kent Barnstormers,"May 17, 2025",,,,Yonsvani Penalver,Brock Whitson,L,R,Offspeed,Single,Line Drive,Opposite Field,000,0.3637638455,0.7619020857,
Top 1,1,1,0,0,'0-0,Kitchener Panthers,Chatham-Kent Barnstormers,"May 17, 2025",,,1.21,Yunior Ibarra,Brock Whitson,R,R,Fastball,Ball,,,100,-1.179316955,0.2347259201,
Top 1,1,1,1,0,'1-0,Kitchener Panthers,Chatham-Kent Barnstormers,"May 17, 2025",,,1.21,Yunior Ibarra,Brock Whitson,R,R,Fastball,Double Play,Ground Ball,Straightaway,100,0.5484059926,0.1877498261,
Bottom 1,1,0,0,0,'0-0,Chatham-Kent Barnstormers,Kitchener Panthers,"May 17, 2025",,,,Spencer Marcus,Yadian Martinez,R,R,Fastball,Foul,,,000,0.7989917637,0.7984390477,
Bottom 1,1,0,0,1,'0-1,Chatham-Kent Barnstormers,Kitchener Panthers,"May 17, 2025",,,,Spencer Marcus,Yadian Martinez,R,R,Fastball,Error,Ground Ball,Pull,000,-0.1110302471,-0.1515219636,
Bottom 1,1,0,0,0,'0-0,Chatham-Kent Barnstormers,Kitchener Panthers,"May 17, 2025",,,1.22,Anthony Polowick,Yadian Martinez,L,R,Fastball,Called Strike,,,100,1.273785856,0.401752032,
Bottom 1,1,0,0,1,'0-1,Chatham-Kent Barnstormers,Kitchener Panthers,"May 17, 2025",,,1.34,Anthony Polowick,Yadian Martinez,L,R,Fastball,Single,Line Drive,Opposite Field,100,0.4692736439,0.8610738396,
Bottom 1,1,0,0,0,'0-0,Chatham-Kent Barnstormers,Kitchener Panthers,"May 17, 2025",,,,Mitsuki Fukuda,Yadian Martinez,R,R,Offspeed,Called Strike,,,110,-0.1374076967,0.04682154423,
Bottom 1,1,0,0,1,'0-1,Chatham-Kent Barnstormers,Kitchener Panthers,"May 17, 2025",,,,Mitsuki Fukuda,Yadian Martinez,R,R,Fastball,Home Run,Fly Ball,Pull,110,0.5747834422,0.4748259559,
Bottom 1,1,0,0,0,'0-0,Chatham-Kent Barnstormers,Kitchener Panthers,"May 17, 2025",,,,Owen Constantineau,Yadian Martinez,L,R,Fastball,Ball,,,000,0.8649353877,1.127271705,
Bottom 1,1,0,1,0,'1-0,Chatham-Kent Barnstormers,Kitchener Panthers,"May 17, 2025",,,,Owen Constantineau,Yadian Martinez,L,R,Offspeed,Called Strike,,,000,-0.1242189719,0.433069428,
Bottom 1,1,0,1,1,'1-1,Chatham-Kent Barnstormers,Kitchener Panthers,"May 17, 2025",,,,Owen Constantineau,Yadian Martinez,L,R,Fastball,Flyout,Fly Ball,Pull,000,-0.2956723942,0.386093334,
Bottom 1,1,1,0,0,'0-0,Chatham-Kent Barnstormers,Kitchener Panthers,"May 17, 2025",,,,Robert Mackie,Yadian Martinez,R,R,Fastball,Flyout,Line Drive,Straightaway,000,-0.1505964215,0.5739977099,
Bottom 1,1,2,0,0,'0-0,Chatham-Kent Barnstormers,Kitchener Panthers,"May 17, 2025",,,,Spencer Morin,Yadian Martinez,L,R,Offspeed,Ball,,,000,-0.1769738711,-0.3394263395,
Bottom 1,1,2,1,0,'1-0,Chatham-Kent Barnstormers,Kitchener Panthers,"May 17, 2025",,,,Spencer Morin,Yadian Martinez,L,R,Fastball,Called Strike,,,000,0.5615947174,0.2973607121,
Bottom 1,1,2,1,1,'1-1,Chatham-Kent Barnstormers,Kitchener Panthers,"May 17, 2025",,,,Spencer Morin,Yadian Martinez,L,R,Offspeed,Ball,,,000,-0.5066919909,-0.2820111135,
Bottom 1,1,2,2,1,'2-1,Chatham-Kent Barnstormers,Kitchener Panthers,"May 17, 2025",,,,Spencer Morin,Yadian Martinez,L,R,Fastball,Foul,,,000,-0.6122017893,0.1981889581,
Bottom 1,1,2,2,2,'2-2,Chatham-Kent Barnstormers,Kitchener Panthers,"May 17, 2025",,,,Spencer Morin,Yadian Martinez,L,R,Fastball,Ball,,,000,-0.6122017893,-0.3081089435,
Bottom 1,1,2,3,2,'3-2,Chatham-Kent Barnstormers,Kitchener Panthers,"May 17, 2025",,,,Spencer Morin,Yadian Martinez,L,R,Offspeed,Foul,,,000,-0.05827534791,0.2451650521,
Bottom 1,1,2,3,2,'3-2,Chatham-Kent Barnstormers,Kitchener Panthers,"May 17, 2025",,,,Spencer Morin,Yadian Martinez,L,R,,Groundout,Ground Ball,Opposite Field,000,,,
Top 2,2,0,0,0,'0-0,Kitchener Panthers,Chatham-Kent Barnstormers,"May 17, 2025",,,,Arthur Kowara,Brock Whitson,R,R,Fastball,Groundout,Ground Ball,Straightaway,000,0.4824623686,0.33911724,
Top 2,2,1,0,0,'0-0,Kitchener Panthers,Chatham-Kent Barnstormers,"May 17, 2025",,,,AJ Karosas,Brock Whitson,L,R,Fastball,Called Strike,,,000,0.587972167,0.1407737322,
Top 2,2,1,0,1,'0-1,Kitchener Panthers,Chatham-Kent Barnstormers,"May 17, 2025",,,,AJ Karosas,Brock Whitson,L,R,,Double,Line Drive,Opposite Field,000,,,
Top 2,2,1,0,0,'0-0,Kitchener Panthers,Chatham-Kent Barnstormers,"May 17, 2025",,,,Nick Parsons,Brock Whitson,R,R,Fastball,Called Strike,,,010,0.7726143141,0.0885780722,
Top 2,2,1,0,1,'0-1,Kitchener Panthers,Chatham-Kent Barnstormers,"May 17, 2025",,,,Nick Parsons,Brock Whitson,R,R,Offspeed,Double Play,Ground Ball,Pull,010,-0.3879934678,0.1459932982,
Bottom 2,2,0,0,0,'0-0,Chatham-Kent Barnstormers,Kitchener Panthers,"May 17, 2025",,,,Sadler Godwin,Yadian Martinez,R,R,Fastball,Ball,,,000,-0.7045228628,0.2660433161,
Bottom 2,2,0,1,0,'1-0,Chatham-Kent Barnstormers,Kitchener Panthers,"May 17, 2025",,,,Sadler Godwin,Yadian Martinez,R,R,Fastball,Ball,,,000,0.03404572565,1.075076045,
Bottom 2,2,0,2,0,'2-0,Chatham-Kent Barnstormers,Kitchener Panthers,"May 17, 2025",,,,Sadler Godwin,Yadian Martinez,R,R,,Groundout,Ground Ball,Pull,000,,,
Bottom 2,2,1,0,0,'0-0,Chatham-Kent Barnstormers,Kitchener Panthers,"May 17, 2025",,,,Torrin Vaselenak,Yadian Martinez,R,R,Fastball,Groundout,Ground Ball,Pull,000,-0.4143709174,0.2347259201,
Bottom 2,2,2,0,0,'0-0,Chatham-Kent Barnstormers,Kitchener Panthers,"May 17, 2025",,,,Nathan Picchioni,Yadian Martinez,R,R,Fastball,Ball,,,000,0.3505751207,1.122052139,
Bottom 2,2,2,1,0,'1-0,Chatham-Kent Barnstormers,Kitchener Panthers,"May 17, 2025",,,,Nathan Picchioni,Yadian Martinez,R,R,,Called Strike,,,000,,,
Bottom 2,2,2,1,1,'1-1,Chatham-Kent Barnstormers,Kitchener Panthers,"May 17, 2025",,,,Nathan Picchioni,Yadian Martinez,R,R,Offspeed,Called Strike,,,000,0.7726143141,0.359995504,
Bottom 2,2,2,1,2,'1-2,Chatham-Kent Barnstormers,Kitchener Panthers,"May 17, 2025",,,,Nathan Picchioni,Yadian Martinez,R,R,Offspeed,Ball,,,000,-1.179316955,-0.3081089435,
Bottom 2,2,2,2,2,'2-2,Chatham-Kent Barnstormers,Kitchener Panthers,"May 17, 2025",,,,Nathan Picchioni,Yadian Martinez,R,R,Fastball,Ball,,,000,-1.258449304,0.7566825197,
Bottom 2,2,2,3,2,'3-2,Chatham-Kent Barnstormers,Kitchener Panthers,"May 17, 2025",,,,Nathan Picchioni,Yadian Martinez,R,R,Offspeed,Strikeout Swinging,,,000,0.8253692133,0.2034085241,
Top 3,3,0,0,0,'0-0,Kitchener Panthers,Chatham-Kent Barnstormers,"May 17, 2025",,,,Jamie Cabral,Brock Whitson,R,R,,Ball,,,000,1.273785856,0.4435085599,
Top 3,3,0,1,0,'1-0,Kitchener Panthers,Chatham-Kent Barnstormers,"May 17, 2025",,,,Jamie Cabral,Brock Whitson,R,R,Fastball,Foul,,,000,0.7989917637,0.6209738038,
Top 3,3,0,1,1,'1-1,Kitchener Panthers,Chatham-Kent Barnstormers,"May 17, 2025",,,,Jamie Cabral,Brock Whitson,R,R,Fastball,Swinging Strike,,,000,-0.6385792389,0.8767325376,
Top 3,3,0,1,2,'1-2,Kitchener Panthers,Chatham-Kent Barnstormers,"May 17, 2025",,,,Jamie Cabral,Brock Whitson,R,R,Fastball,Foul,,,000,0.04723445044,0.8923912356,
Top 3,3,0,1,2,'1-2,Kitchener Panthers,Chatham-Kent Barnstormers,"May 17, 2025",,,,Jamie Cabral,Brock Whitson,R,R,,Strikeout Looking,,,000,,,
Top 3,3,1,0,0,'0-0,Kitchener Panthers,Chatham-Kent Barnstormers,"May 17, 2025",,,,Charlie Towers,Brock Whitson,L,R,Fastball,Ball,,,000,1.484805453,0.344336806,
Top 3,3,1,1,0,'1-0,Kitchener Panthers,Chatham-Kent Barnstormers,"May 17, 2025",,,,Charlie Towers,Brock Whitson,L,R,Fastball,Foul,,,000,-0.6781454132,0.4539476919,
Top 3,3,1,1,1,'1-1,Kitchener Panthers,Chatham-Kent Barnstormers,"May 17, 2025",,,,Charlie Towers,Brock Whitson,L,R,Fastball,Called Strike,,,000,0.587972167,0.03638241224,
Top 3,3,1,1,2,'1-2,Kitchener Panthers,Chatham-Kent Barnstormers,"May 17, 2025",,,,Charlie Towers,Brock Whitson,L,R,Offspeed,Ball,,,000,1.33972948,-0.1358632656,
Top 3,3,1,2,2,'2-2,Kitchener Panthers,Chatham-Kent Barnstormers,"May 17, 2025",,,,Charlie Towers,Brock Whitson,L,R,Fastball,Ball,,,000,-1.232071855,0.2138476561,
Top 3,3,1,3,2,'3-2,Kitchener Panthers,Chatham-Kent Barnstormers,"May 17, 2025",,,,Charlie Towers,Brock Whitson,L,R,,Strikeout Looking,,,000,1.01001136,0.0990172042,
Top 3,3,2,0,0,'0-0,Kitchener Panthers,Chatham-Kent Barnstormers,"May 17, 2025",,,,Trent Lawson,Brock Whitson,R,R,Fastball,Called Strike,,,000,-1.271638029,0.333897674,
Top 3,3,2,0,1,'0-1,Kitchener Panthers,Chatham-Kent Barnstormers,"May 17, 2025",,,,Trent Lawson,Brock Whitson,R,R,Fastball,Swinging Strike,,,000,-0.7309003124,0.359995504,
Top 3,3,2,0,2,'0-2,Kitchener Panthers,Chatham-Kent Barnstormers,"May 17, 2025",,,,Trent Lawson,Brock Whitson,R,R,Fastball,Ball,,,000,-0.2824836694,1.111613007,
Top 3,3,2,1,2,'1-2,Kitchener Panthers,Chatham-Kent Barnstormers,"May 17, 2025",,,,Trent Lawson,Brock Whitson,R,R,Fastball,Foul,,,000,-1.126562056,-0.1202045676,
Top 3,3,2,1,2,'1-2,Kitchener Panthers,Chatham-Kent Barnstormers,"May 17, 2025",,,,Trent Lawson,Brock Whitson,R,R,Offspeed,Ball,,,000,0.2978202215,1.095954309,
Top 3,3,2,2,2,'2-2,Kitchener Panthers,Chatham-Kent Barnstormers,"May 17, 2025",,,,Trent Lawson,Brock Whitson,R,R,Fastball,Ball,,,000,-1.113373331,-0.00537411573,
Top 3,3,2,3,2,'3-2,Kitchener Panthers,Chatham-Kent Barnstormers,"May 17, 2025",,,,Trent Lawson,Brock Whitson,R,R,Offspeed,Popout,Pop Up,Straightaway,000,-0.691334138,0.1720911281,
Bottom 3,3,0,0,0,'0-0,Chatham-Kent Barnstormers,Kitchener Panthers,"May 17, 2025",,,,Spencer Marcus,Yadian Martinez,R,R,Fastball,Called Strike,,,000,-0.6781454132,0.6836085958,
Bottom 3,3,0,0,1,'0-1,Chatham-Kent Barnstormers,Kitchener Panthers,"May 17, 2025",,,,Spencer Marcus,Yadian Martinez,R,R,,Foul,,,000,,,
Bottom 3,3,0,0,2,'0-2,Chatham-Kent Barnstormers,Kitchener Panthers,"May 17, 2025",,,,Spencer Marcus,Yadian Martinez,R,R,Fastball,Foul,,,000,1.141898608,-0.00537411573,
Bottom 3,3,0,0,2,'0-2,Chatham-Kent Barnstormers,Kitchener Panthers,"May 17, 2025",,,,Spencer Marcus,Yadian Martinez,R,R,Offspeed,Ball,,,000,-1.139750781,-0.3446459055,
Bottom 3,3,0,1,2,'1-2,Chatham-Kent Barnstormers,Kitchener Panthers,"May 17, 2025",,,,Spencer Marcus,Yadian Martinez,R,R,,Single,Ground Ball,Straightaway,000,,,
Bottom 3,3,0,0,0,'0-0,Chatham-Kent Barnstormers,Kitchener Panthers,"May 17, 2025",,,1.77,Anthony Polowick,Yadian Martinez,L,R,Offspeed,Swinging Strike,,,100,-0.1242189719,-0.2402545856,
Bottom 3,3,0,0,1,'0-1,Chatham-Kent Barnstormers,Kitchener Panthers,"May 17, 2025",,,1.33,Anthony Polowick,Yadian Martinez,L,R,,Foul,,,100,,,
Bottom 3,3,0,0,2,'0-2,Chatham-Kent Barnstormers,Kitchener Panthers,"May 17, 2025",,,,Anthony Polowick,Yadian Martinez,L,R,,Strikeout Looking,,,100,,,
Bottom 3,3,1,0,0,'0-0,Chatham-Kent Barnstormers,Kitchener Panthers,"May 17, 2025",,,1.12,Mitsuki Fukuda,Yadian Martinez,R,R,Fastball,Called Strike,,,100,-0.6385792389,0.9445868956,
Bottom 3,3,1,0,1,'0-1,Chatham-Kent Barnstormers,Kitchener Panthers,"May 17, 2025",,,,Mitsuki Fukuda,Yadian Martinez,R,R,,Ball,,,100,,,
Bottom 3,3,1,1,1,'1-1,Chatham-Kent Barnstormers,Kitchener Panthers,"May 17, 2025",,,1.26,Mitsuki Fukuda,Yadian Martinez,R,R,Offspeed,Foul,,,100,-1.456280176,-0.2820111135,
Bottom 3,3,1,1,2,'1-2,Chatham-Kent Barnstormers,Kitchener Panthers,"May 17, 2025",,,1.25,Mitsuki Fukuda,Yadian Martinez,R,R,Offspeed,Ball,,,100,1.497994178,-0.2872306795,
Bottom 3,3,1,2,2,'2-2,Chatham-Kent Barnstormers,Kitchener Panthers,"May 17, 2025",,,1.36,Mitsuki Fukuda,Yadian Martinez,R,R,,Groundout,Ground Ball,Pull,100,1.273785856,-0.02625237971,
Bottom 3,3,2,0,0,'0-0,Chatham-Kent Barnstormers,Kitchener Panthers,"May 17, 2025",,,1.07,Owen Constantineau,Yadian Martinez,L,R,Fastball,Ball,,,100,,,
Bottom 3,3,2,1,0,'1-0,Chatham-Kent Barnstormers,Kitchener Panthers,"May 17, 2025",,,1.19,Owen Constantineau,Yadian Martinez,L,R,,Foul,,,100,,,
Bottom 3,3,2,1,1,'1-1,Chatham-Kent Barnstormers,Kitchener Panthers,"May 17, 2025",,,1.11,Owen Constantineau,Yadian Martinez,L,R,Fastball,Ball,,,100,,,
Bottom 3,3,2,2,1,'2-1,Chatham-Kent Barnstormers,Kitchener Panthers,"May 17, 2025",,,1.22,Owen Constantineau,Yadian Martinez,L,R,,Swinging Strike,,,100,,,
Bottom 3,3,2,2,2,'2-2,Chatham-Kent Barnstormers,Kitchener Panthers,"May 17, 2025",,,1.35,Owen Constantineau,Yadian Martinez,L,R,,Ball,,,100,,,
Bottom 3,3,2,3,2,'3-2,Chatham-Kent Barnstormers,Kitchener Panthers,"May 17, 2025",,,1.34,Owen Constantineau,Yadian Martinez,L,R,,Strikeout Looking,,,100,,,
Top 4,4,0,0,0,'0-0,Kitchener Panthers,Chatham-Kent Barnstormers,"May 17, 2025",,,,,Yadian Martinez,,,,,,,,,,
Top 4,4,0,0,0,'0-0,Kitchener Panthers,Chatham-Kent Barnstormers,"May 17, 2025",,,,,Yadian Martinez,,,,,,,,,,
Top 4,4,0,0,0,'0-0,Kitchener Panthers,Chatham-Kent Barnstormers,"May 17, 2025",,,,,Yadian Martinez,,,,,,,,,,
Top 4,4,0,0,0,'0-0,Kitchener Panthers,Chatham-Kent Barnstormers,"May 17, 2025",,,,,Yadian Martinez,,,,,,,,,,
Top 4,4,0,0,0,'0-0,Kitchener Panthers,Chatham-Kent Barnstormers,"May 17, 2025",,,,,Yadian Martinez,,,,,,,,,,
Top 4,4,0,0,0,'0-0,Kitchener Panthers,Chatham-Kent Barnstormers,"May 17, 2025",,,,,Yadian Martinez,,,,,,,,,,
Top 4,4,0,0,0,'0-0,Kitchener Panthers,Chatham-Kent Barnstormers,"May 17, 2025",,,,,Yadian Martinez,,,,,,,,,,
Top 4,4,0,0,0,'0-0,Kitchener Panthers,Chatham-Kent Barnstormers,"May 17, 2025",,,,,Yadian Martinez,,,,,,,,,,
Top 4,4,0,0,0,'0-0,Kitchener Panthers,Chatham-Kent Barnstormers,"May 17, 2025",,,,,Yadian Martinez,,,,,,,,,,
Top 4,4,0,0,0,'0-0,Kitchener Panthers,Chatham-Kent Barnstormers,"May 17, 2025",,,,,Yadian Martinez,,,,,,,,,,
Top 4,4,0,0,0,'0-0,Kitchener Panthers,Chatham-Kent Barnstormers,"May 17, 2025",,,,,Yadian Martinez,,,,,,,,,,
Top 4,4,0,0,0,'0-0,Kitchener Panthers,Chatham-Kent Barnstormers,"May 17, 2025",,,,,Yadian Martinez,,,,,,,,,,
Top 4,4,0,0,0,'0-0,Kitchener Panthers,Chatham-Kent Barnstormers,"May 17, 2025",,,,,Yadian Martinez,,,,,,,,,,
Top 4,4,0,0,0,'0-0,Kitchener Panthers,Chatham-Kent Barnstormers,"May 17, 2025",,,,,Yadian Martinez,,,,,,,,,,
Top 4,4,0,0,0,'0-0,Kitchener Panthers,Chatham-Kent Barnstormers,"May 17, 2025",,,,,Yadian Martinez,,,,,,,,,,
Top 4,4,0,0,0,'0-0,Kitchener Panthers,Chatham-Kent Barnstormers,"May 17, 2025",,,,,Yadian Martinez,,,,,,,,,,
Top 4,4,0,0,0,'0-0,Kitchener Panthers,Chatham-Kent Barnstormers,"May 17, 2025",,,,,Yadian Martinez,,,,,,,,,,
Top 4,4,0,0,0,'0-0,Kitchener Panthers,Chatham-Kent Barnstormers,"May 17, 2025",,,,,Yadian Martinez,,,,,,,,,,
Top 4,4,0,0,0,'0-0,Kitchener Panthers,Chatham-Kent Barnstormers,"May 17, 2025",,,,,Yadian Martinez,,,,,,,,,,
Top 4,4,0,0,0,'0-0,Kitchener Panthers,Chatham-Kent Barnstormers,"May 17, 2025",,,,,Yadian Martinez,,,,,,,,,,
Top 4,4,0,0,0,'0-0,Kitchener Panthers,Chatham-Kent Barnstormers,"May 17, 2025",,,,,Yadian Martinez,,,,,,,,,,
Top 4,4,0,0,0,'0-0,Kitchener Panthers,Chatham-Kent Barnstormers,"May 17, 2025",,,,,Yadian Martinez,,,,,,,,,,
Top 4,4,0,0,0,'0-0,Kitchener Panthers,Chatham-Kent Barnstormers,"May 17, 2025",,,,,Yadian Martinez,,,,,,,,,,
Top 4,4,0,0,0,'0-0,Kitchener Panthers,Chatham-Kent Barnstormers,"May 17, 2025",,,,,Yadian Martinez,,,,,,,,,,
Top 4,4,0,0,0,'0-0,Kitchener Panthers,Chatham-Kent Barnstormers,"May 17, 2025",,,,,Yadian Martinez,,,,,,,,,,
Top 4,4,0,0,0,'0-0,Kitchener Panthers,Chatham-Kent Barnstormers,"May 17, 2025",,,,,Yadian Martinez,,,,,,,,,,
Top 4,4,0,0,0,'0-0,Kitchener Panthers,Chatham-Kent Barnstormers,"May 17, 2025",,,,,Yadian Martinez,,,,,,,,,,
Top 4,4,0,0,0,'0-0,Kitchener Panthers,Chatham-Kent Barnstormers,"May 17, 2025",,,,,Yadian Martinez,,,,,,,,,,
Top 4,4,0,0,0,'0-0,Kitchener Panthers,Chatham-Kent Barnstormers,"May 17, 2025",,,,,Yadian Martinez,,,,,,,,,,
Top 4,4,0,0,0,'0-0,Kitchener Panthers,Chatham-Kent Barnstormers,"May 17, 2025",,,,,Yadian Martinez,,,,,,,,,,
Top 4,4,0,0,0,'0-0,Kitchener Panthers,Chatham-Kent Barnstormers,"May 17, 2025",,,,,Yadian Martinez,,,,,,,,,,
Top 4,4,0,0,0,'0-0,Kitchener Panthers,Chatham-Kent Barnstormers,"May 17, 2025",,,,,Yadian Martinez,,,,,,,,,,
Top 4,4,0,0,0,'0-0,Kitchener Panthers,Chatham-Kent Barnstormers,"May 17, 2025",,,,,Yadian Martinez,,,,,,,,,,
Top 4,4,0,0,0,'0-0,Kitchener Panthers,Chatham-Kent Barnstormers,"May 17, 2025",,,,,Yadian Martinez,,,,,,,,,,
Top 4,4,0,0,0,'0-0,Kitchener Panthers,Chatham-Kent Barnstormers,"May 17, 2025",,,,,Yadian Martinez,,,,,,,,,,
Top 4,4,0,0,0,'0-0,Kitchener Panthers,Chatham-Kent Barnstormers,"May 17, 2025",,,,,Yadian Martinez,,,,,,,,,,
Top 4,4,0,0,0,'0-0,Kitchener Panthers,Chatham-Kent Barnstormers,"May 17, 2025",,,,,Yadian Martinez,,,,,,,,,,
Top 4,4,0,0,0,'0-0,Kitchener Panthers,Chatham-Kent Barnstormers,"May 17, 2025",,,,,Yadian Martinez,,,,,,,,,,
Top 4,4,0,0,0,'0-0,Kitchener Panthers,Chatham-Kent Barnstormers,"May 17, 2025",,,,,Yadian Martinez,,,,,,,,,,
Top 4,4,0,0,0,'0-0,Kitchener Panthers,Chatham-Kent Barnstormers,"May 17, 2025",,,,,Yadian Martinez,,,,,,,,,,
Top 4,4,0,0,0,'0-0,Kitchener Panthers,Chatham-Kent Barnstormers,"May 17, 2025",,,,,Yadian Martinez,,,,,,,,,,
Top 4,4,0,0,0,'0-0,Kitchener Panthers,Chatham-Kent Barnstormers,"May 17, 2025",,,,,Yadian Martinez,,,,,,,,,,
Top 4,4,0,0,0,'0-0,Kitchener Panthers,Chatham-Kent Barnstormers,"May 17, 2025",,,,,Yadian Martinez,,,,,,,,,,
Top 4,4,0,0,0,'0-0,Kitchener Panthers,Chatham-Kent Barnstormers,"May 17, 2025",,,,,Yadian Martinez,,,,,,,,,,
Top 4,4,0,0,0,'0-0,Kitchener Panthers,Chatham-Kent Barnstormers,"May 17, 2025",,,,,Yadian Martinez,,,,,,,,,,
Top 4,4,0,0,0,'0-0,Kitchener Panthers,Chatham-Kent Barnstormers,"May 17, 2025",,,,,Yadian Martinez,,,,,,,,,,
Top 4,4,0,0,0,'0-0,Kitchener Panthers,Chatham-Kent Barnstormers,"May 17, 2025",,,,,Yadian Martinez,,,,,,,,,,
Top 4,4,0,0,0,'0-0,Kitchener Panthers,Chatham-Kent Barnstormers,"May 17, 2025",,,,,Yadian Martinez,,,,,,,,,,
Top 4,4,0,0,0,'0-0,Kitchener Panthers,Chatham-Kent Barnstormers,"May 17, 2025",,,,,Yadian Martinez,,,,,,,,,,
Top 4,4,0,0,0,'0-0,Kitchener Panthers,Chatham-Kent Barnstormers,"May 17, 2025",,,,,Yadian Martinez,,,,,,,,,,
Top 4,4,0,0,0,'0-0,Kitchener Panthers,Chatham-Kent Barnstormers,"May 17, 2025",,,,,Yadian Martinez,,,,,,,,,,
Top 4,4,0,0,0,'0-0,Kitchener Panthers,Chatham-Kent Barnstormers,"May 17, 2025",,,,,Yadian Martinez,,,,,,,,,,
Top 4,4,0,0,0,'0-0,Kitchener Panthers,Chatham-Kent Barnstormers,"May 17, 2025",,,,,Yadian Martinez,,,,,,,,,,
Top 4,4,0,0,0,'0-0,Kitchener Panthers,Chatham-Kent Barnstormers,"May 17, 2025",,,,,Yadian Martinez,,,,,,,,,,
Top 4,4,0,0,0,'0-0,Kitchener Panthers,Chatham-Kent Barnstormers,"May 17, 2025",,,,,Yadian Martinez,,,,,,,,,,
Top 4,4,0,0,0,'0-0,Kitchener Panthers,Chatham-Kent Barnstormers,"May 17, 2025",,,,,Yadian Martinez,,,,,,,,,,
Top 4,4,0,0,0,'0-0,Kitchener Panthers,Chatham-Kent Barnstormers,"May 17, 2025",,,,,Yadian Martinez,,,,,,,,,,
Top 4,4,0,0,0,'0-0,Kitchener Panthers,Chatham-Kent Barnstormers,"May 17, 2025",,,,,Yadian Martinez,,,,,,,,,,
Top 4,4,0,0,0,'0-0,Kitchener Panthers,Chatham-Kent Barnstormers,"May 17, 2025",,,,,Yadian Martinez,,,,,,,,,,
Top 4,4,0,0,0,'0-0,Kitchener Panthers,Chatham-Kent Barnstormers,"May 17, 2025",,,,,Yadian Martinez,,,,,,,,,,
Top 4,4,0,0,0,'0-0,Kitchener Panthers,Chatham-Kent Barnstormers,"May 17, 2025",,,,,Yadian Martinez,,,,,,,,,,
Top 4,4,0,0,0,'0-0,Kitchener Panthers,Chatham-Kent Barnstormers,"May 17, 2025",,,,,Yadian Martinez,,,,,,,,,,
Top 4,4,0,0,0,'0-0,Kitchener Panthers,Chatham-Kent Barnstormers,"May 17, 2025",,,,,Yadian Martinez,,,,,,,,,,
Top 4,4,0,0,0,'0-0,Kitchener Panthers,Chatham-Kent Barnstormers,"May 17, 2025",,,,,Yadian Martinez,,,,,,,,,,
Top 4,4,0,0,0,'0-0,Kitchener Panthers,Chatham-Kent Barnstormers,"May 17, 2025",,,,,Yadian Martinez,,,,,,,,,,
Top 4,4,0,0,0,'0-0,Kitchener Panthers,Chatham-Kent Barnstormers,"May 17, 2025",,,,,Yadian Martinez,,,,,,,,,,
Top 4,4,0,0,0,'0-0,Kitchener Panthers,Chatham-Kent Barnstormers,"May 17, 2025",,,,,Yadian Martinez,,,,,,,,,,
Top 4,4,0,0,0,'0-0,Kitchener Panthers,Chatham-Kent Barnstormers,"May 17, 2025",,,,,Yadian Martinez,,,,,,,,,,
Top 4,4,0,0,0,'0-0,Kitchener Panthers,Chatham-Kent Barnstormers,"May 17, 2025",,,,,Yadian Martinez,,,,,,,,,,
Top 4,4,0,0,0,'0-0,Kitchener Panthers,Chatham-Kent Barnstormers,"May 17, 2025",,,,,Yadian Martinez,,,,,,,,,,
Top 4,4,0,0,0,'0-0,Kitchener Panthers,Chatham-Kent Barnstormers,"May 17, 2025",,,,,Yadian Martinez,,,,,,,,,,
Top 4,4,0,0,0,'0-0,Kitchener Panthers,Chatham-Kent Barnstormers,"May 17, 2025",,,,,Yadian Martinez,,,,,,,,,,
Top 4,4,0,0,0,'0-0,Kitchener Panthers,Chatham-Kent Barnstormers,"May 17, 2025",,,,,Yadian Martinez,,,,,,,,,,
Top 4,4,0,0,0,'0-0,Kitchener Panthers,Chatham-Kent Barnstormers,"May 17, 2025",,,,,Yadian Martinez,,,,,,,,,,
Top 4,4,0,0,0,'0-0,Kitchener Panthers,Chatham-Kent Barnstormers,"May 17, 2025",,,,,Yadian Martinez,,,,,,,,,,
Top 4,4,0,0,0,'0-0,Kitchener Panthers,Chatham-Kent Barnstormers,"May 17, 2025",,,,,Yadian Martinez,,,,,,,,,,
Top 4,4,0,0,0,'0-0,Kitchener Panthers,Chatham-Kent Barnstormers,"May 17, 2025",,,,,Yadian Martinez,,,,,,,,,,
Top 4,4,0,0,0,'0-0,Kitchener Panthers,Chatham-Kent Barnstormers,"May 17, 2025",,,,,Yadian Martinez,,,,,,,,,,
Top 4,4,0,0,0,'0-0,Kitchener Panthers,Chatham-Kent Barnstormers,"May 17, 2025",,,,,Yadian Martinez,,,,,,,,,,
Top 4,4,0,0,0,'0-0,Kitchener Panthers,Chatham-Kent Barnstormers,"May 17, 2025",,,,,Yadian Martinez,,,,,,,,,,
Top 4,4,0,0,0,'0-0,Kitchener Panthers,Chatham-Kent Barnstormers,"May 17, 2025",,,,,Yadian Martinez,,,,,,,,,,
Top 4,4,0,0,0,'0-0,Kitchener Panthers,Chatham-Kent Barnstormers,"May 17, 2025",,,,,Yadian Martinez,,,,,,,,,,
Top 4,4,0,0,0,'0-0,Kitchener Panthers,Chatham-Kent Barnstormers,"May 17, 2025",,,,,Yadian Martinez,,,,,,,,,,
Top 4,4,0,0,0,'0-0,Kitchener Panthers,Chatham-Kent Barnstormers,"May 17, 2025",,,,,Yadian Martinez,,,,,,,,,,
Top 4,4,0,0,0,'0-0,Kitchener Panthers,Chatham-Kent Barnstormers,"May 17, 2025",,,,,Yadian Martinez,,,,,,,,,,
Top 4,4,0,0,0,'0-0,Kitchener Panthers,Chatham-Kent Barnstormers,"May 17, 2025",,,,,Yadian Martinez,,,,,,,,,,
Top 4,4,0,0,0,'0-0,Kitchener Panthers,Chatham-Kent Barnstormers,"May 17, 2025",,,,,Yadian Martinez,,,,,,,,,,
Top 4,4,0,0,0,'0-0,Kitchener Panthers,Chatham-Kent Barnstormers,"May 17, 2025",,,,,Yadian Martinez,,,,,,,,,,
Top 4,4,0,0,0,'0-0,Kitchener Panthers,Chatham-Kent Barnstormers,"May 17, 2025",,,,,Yadian Martinez,,,,,,,,,,
Top 4,4,0,0,0,'0-0,Kitchener Panthers,Chatham-Kent Barnstormers,"May 17, 2025",,,,,Yadian Martinez,,,,,,,,,,
Top 4,4,0,0,0,'0-0,Kitchener Panthers,Chatham-Kent Barnstormers,"May 17, 2025",,,,,Yadian Martinez,,,,,,,,,,
Top 4,4,0,0,0,'0-0,Kitchener Panthers,Chatham-Kent Barnstormers,"May 17, 2025",,,,,Yadian Martinez,,,,,,,,,,
Top 4,4,0,0,0,'0-0,Kitchener Panthers,Chatham-Kent Barnstormers,"May 17, 2025",,,,,Yadian Martinez,,,,,,,,,,
Top 4,4,0,0,0,'0-0,Kitchener Panthers,Chatham-Kent Barnstormers,"May 17, 2025",,,,,Yadian Martinez,,,,,,,,,,
Top 4,4,0,0,0,'0-0,Kitchener Panthers,Chatham-Kent Barnstormers,"May 17, 2025",,,,,Yadian Martinez,,,,,,,,,,
Top 4,4,0,0,0,'0-0,Kitchener Panthers,Chatham-Kent Barnstormers,"May 17, 2025",,,,,Yadian Martinez,,,,,,,,,,
Top 4,4,0,0,0,'0-0,Kitchener Panthers,Chatham-Kent Barnstormers,"May 17, 2025",,,,,Yadian Martinez,,,,,,,,,,
Top 4,4,0,0,0,'0-0,Kitchener Panthers,Chatham-Kent Barnstormers,"May 17, 2025",,,,,Yadian Martinez,,,,,,,,,,
Top 4,4,0,0,0,'0-0,Kitchener Panthers,Chatham-Kent Barnstormers,"May 17, 2025",,,,,Yadian Martinez,,,,,,,,,,
Top 4,4,0,0,0,'0-0,Kitchener Panthers,Chatham-Kent Barnstormers,"May 17, 2025",,,,,Yadian Martinez,,,,,,,,,,
Top 4,4,0,0,0,'0-0,Kitchener Panthers,Chatham-Kent Barnstormers,"May 17, 2025",,,,,Yadian Martinez,,,,,,,,,,
Top 4,4,0,0,0,'0-0,Kitchener Panthers,Chatham-Kent Barnstormers,"May 17, 2025",,,,,Yadian Martinez,,,,,,,,,,
Top 4,4,0,0,0,'0-0,Kitchener Panthers,Chatham-Kent Barnstormers,"May 17, 2025",,,,,Yadian Martinez,,,,,,,,,,
Top 4,4,0,0,0,'0-0,Kitchener Panthers,Chatham-Kent Barnstormers,"May 17, 2025",,,,,Yadian Martinez,,,,,,,,,,
Top 4,4,0,0,0,'0-0,Kitchener Panthers,Chatham-Kent Barnstormers,"May 17, 2025",,,,,Yadian Martinez,,,,,,,,,,
Top 4,4,0,0,0,'0-0,Kitchener Panthers,Chatham-Kent Barnstormers,"May 17, 2025",,,,,Yadian Martinez,,,,,,,,,,
Top 4,4,0,0,0,'0-0,Kitchener Panthers,Chatham-Kent Barnstormers,"May 17, 2025",,,,,Yadian Martinez,,,,,,,,,,
Top 4,4,0,0,0,'0-0,Kitchener Panthers,Chatham-Kent Barnstormers,"May 17, 2025",,,,,Yadian Martinez,,,,,,,,,,
Top 4,4,0,0,0,'0-0,Kitchener Panthers,Chatham-Kent Barnstormers,"May 17, 2025",,,,,Yadian Martinez,,,,,,,,,,
Top 4,4,0,0,0,'0-0,Kitchener Panthers,Chatham-Kent Barnstormers,"May 17, 2025",,,,,Yadian Martinez,,,,,,,,,,
Top 4,4,0,0,0,'0-0,Kitchener Panthers,Chatham-Kent Barnstormers,"May 17, 2025",,,,,Yadian Martinez,,,,,,,,,,
Top 4,4,0,0,0,'0-0,Kitchener Panthers,Chatham-Kent Barnstormers,"May 17, 2025",,,,,Yadian Martinez,,,,,,,,,,
Top 4,4,0,0,0,'0-0,Kitchener Panthers,Chatham-Kent Barnstormers,"May 17, 2025",,,,,Yadian Martinez,,,,,,,,,,
Top 4,4,0,0,0,'0-0,Kitchener Panthers,Chatham-Kent Barnstormers,"May 17, 2025",,,,,Yadian Martinez,,,,,,,,,,
Top 4,4,0,0,0,'0-0,Kitchener Panthers,Chatham-Kent Barnstormers,"May 17, 2025",,,,,Yadian Martinez,,,,,,,,,,
Top 4,4,0,0,0,'0-0,Kitchener Panthers,Chatham-Kent Barnstormers,"May 17, 2025",,,,,Yadian Martinez,,,,,,,,,,
Top 4,4,0,0,0,'0-0,Kitchener Panthers,Chatham-Kent Barnstormers,"May 17, 2025",,,,,Yadian Martinez,,,,,,,,,,
Top 4,4,0,0,0,'0-0,Kitchener Panthers,Chatham-Kent Barnstormers,"May 17, 2025",,,,,Yadian Martinez,,,,,,,,,,
Top 4,4,0,0,0,'0-0,Kitchener Panthers,Chatham-Kent Barnstormers,"May 17, 2025",,,,,Yadian Martinez,,,,,,,,,,
Top 4,4,0,0,0,'0-0,Kitchener Panthers,Chatham-Kent Barnstormers,"May 17, 2025",,,,,Yadian Martinez,,,,,,,,,,
Top 4,4,0,0,0,'0-0,Kitchener Panthers,Chatham-Kent Barnstormers,"May 17, 2025",,,,,Yadian Martinez,,,,,,,,,,
Top 4,4,0,0,0,'0-0,Kitchener Panthers,Chatham-Kent Barnstormers,"May 17, 2025",,,,,Yadian Martinez,,,,,,,,,,
Top 4,4,0,0,0,'0-0,Kitchener Panthers,Chatham-Kent Barnstormers,"May 17, 2025",,,,,Yadian Martinez,,,,,,,,,,
Top 4,4,0,0,0,'0-0,Kitchener Panthers,Chatham-Kent Barnstormers,"May 17, 2025",,,,,Yadian Martinez,,,,,,,,,,
Top 4,4,0,0,0,'0-0,Kitchener Panthers,Chatham-Kent Barnstormers,"May 17, 2025",,,,,Yadian Martinez,,,,,,,,,,
Top 4,4,0,0,0,'0-0,Kitchener Panthers,Chatham-Kent Barnstormers,"May 17, 2025",,,,,Yadian Martinez,,,,,,,,,,
Top 4,4,0,0,0,'0-0,Kitchener Panthers,Chatham-Kent Barnstormers,"May 17, 2025",,,,,Yadian Martinez,,,,,,,,,,
Top 4,4,0,0,0,'0-0,Kitchener Panthers,Chatham-Kent Barnstormers,"May 17, 2025",,,,,Yadian Martinez,,,,,,,,,,
Top 4,4,0,0,0,'0-0,Kitchener Panthers,Chatham-Kent Barnstormers,"May 17, 2025",,,,,Yadian Martinez,,,,,,,,,,
Top 4,4,0,0,0,'0-0,Kitchener Panthers,Chatham-Kent Barnstormers,"May 17, 2025",,,,,Yadian Martinez,,,,,,,,,,
Top 4,4,0,0,0,'0-0,Kitchener Panthers,Chatham-Kent Barnstormers,"May 17, 2025",,,,,Yadian Martinez,,,,,,,,,,
Top 4,4,0,0,0,'0-0,Kitchener Panthers,Chatham-Kent Barnstormers,"May 17, 2025",,,,,Yadian Martinez,,,,,,,,,,
Top 4,4,0,0,0,'0-0,Kitchener Panthers,Chatham-Kent Barnstormers,"May 17, 2025",,,,,Yadian Martinez,,,,,,,,,,
Top 4,4,0,0,0,'0-0,Kitchener Panthers,Chatham-Kent Barnstormers,"May 17, 2025",,,,,Yadian Martinez,,,,,,,,,,
Top 4,4,0,0,0,'0-0,Kitchener Panthers,Chatham-Kent Barnstormers,"May 17, 2025",,,,,Yadian Martinez,,,,,,,,,,
Top 4,4,0,0,0,'0-0,Kitchener Panthers,Chatham-Kent Barnstormers,"May 17, 2025",,,,,Yadian Martinez,,,,,,,,,,
Top 4,4,0,0,0,'0-0,Kitchener Panthers,Chatham-Kent Barnstormers,"May 17, 2025",,,,,Yadian Martinez,,,,,,,,,,
Top 4,4,0,0,0,'0-0,Kitchener Panthers,Chatham-Kent Barnstormers,"May 17, 2025",,,,,Yadian Martinez,,,,,,,,,,
Top 4,4,0,0,0,'0-0,Kitchener Panthers,Chatham-Kent Barnstormers,"May 17, 2025",,,,,Yadian Martinez,,,,,,,,,,
Top 4,4,0,0,0,'0-0,Kitchener Panthers,Chatham-Kent Barnstormers,"May 17, 2025",,,,,Yadian Martinez,,,,,,,,,,
Top 4,4,0,0,0,'0-0,Kitchener Panthers,Chatham-Kent Barnstormers,"May 17, 2025",,,,,Yadian Martinez,,,,,,,,,,
Top 4,4,0,0,0,'0-0,Kitchener Panthers,Chatham-Kent Barnstormers,"May 17, 2025",,,,,Yadian Martinez,,,,,,,,,,
Top 4,4,0,0,0,'0-0,Kitchener Panthers,Chatham-Kent Barnstormers,"May 17, 2025",,,,,Yadian Martinez,,,,,,,,,,
Top 4,4,0,0,0,'0-0,Kitchener Panthers,Chatham-Kent Barnstormers,"May 17, 2025",,,,,Yadian Martinez,,,,,,,,,,
Top 4,4,0,0,0,'0-0,Kitchener Panthers,Chatham-Kent Barnstormers,"May 17, 2025",,,,,Yadian Martinez,,,,,,,,,,
Top 4,4,0,0,0,'0-0,Kitchener Panthers,Chatham-Kent Barnstormers,"May 17, 2025",,,,,Yadian Martinez,,,,,,,,,,
Top 4,4,0,0,0,'0-0,Kitchener Panthers,Chatham-Kent Barnstormers,"May 17, 2025",,,,,Yadian Martinez,,,,,,,,,,
Top 4,4,0,0,0,'0-0,Kitchener Panthers,Chatham-Kent Barnstormers,"May 17, 2025",,,,,Yadian Martinez,,,,,,,,,,
Top 4,4,0,0,0,'0-0,Kitchener Panthers,Chatham-Kent Barnstormers,"May 17, 2025",,,,,Yadian Martinez,,,,,,,,,,
Top 4,4,0,0,0,'0-0,Kitchener Panthers,Chatham-Kent Barnstormers,"May 17, 2025",,,,,Yadian Martinez,,,,,,,,,,
Top 4,4,0,0,0,'0-0,Kitchener Panthers,Chatham-Kent Barnstormers,"May 17, 2025",,,,,Yadian Martinez,,,,,,,,,,
Top 4,4,0,0,0,'0-0,Kitchener Panthers,Chatham-Kent Barnstormers,"May 17, 2025",,,,,Yadian Martinez,,,,,,,,,,
Top 4,4,0,0,0,'0-0,Kitchener Panthers,Chatham-Kent Barnstormers,"May 17, 2025",,,,,Yadian Martinez,,,,,,,,,,
Top 4,4,0,0,0,'0-0,Kitchener Panthers,Chatham-Kent Barnstormers,"May 17, 2025",,,,,Yadian Martinez,,,,,,,,,,
Top 4,4,0,0,0,'0-0,Kitchener Panthers,Chatham-Kent Barnstormers,"May 17, 2025",,,,,Yadian Martinez,,,,,,,,,,
Top 4,4,0,0,0,'0-0,Kitchener Panthers,Chatham-Kent Barnstormers,"May 17, 2025",,,,,Yadian Martinez,,,,,,,,,,
Top 4,4,0,0,0,'0-0,Kitchener Panthers,Chatham-Kent Barnstormers,"May 17, 2025",,,,,Yadian Martinez,,,,,,,,,,
Top 4,4,0,0,0,'0-0,Kitchener Panthers,Chatham-Kent Barnstormers,"May 17, 2025",,,,,Yadian Martinez,,,,,,,,,,
Top 4,4,0,0,0,'0-0,Kitchener Panthers,Chatham-Kent Barnstormers,"May 17, 2025",,,,,Yadian Martinez,,,,,,,,,,
Top 4,4,0,0,0,'0-0,Kitchener Panthers,Chatham-Kent Barnstormers,"May 17, 2025",,,,,Yadian Martinez,,,,,,,,,,
Top 4,4,0,0,0,'0-0,Kitchener Panthers,Chatham-Kent Barnstormers,"May 17, 2025",,,,,Yadian Martinez,,,,,,,,,,
Top 4,4,0,0,0,'0-0,Kitchener Panthers,Chatham-Kent Barnstormers,"May 17, 2025",,,,,Yadian Martinez,,,,,,,,,,
Top 4,4,0,0,0,'0-0,Kitchener Panthers,Chatham-Kent Barnstormers,"May 17, 2025",,,,,Yadian Martinez,,,,,,,,,,
Top 4,4,0,0,0,'0-0,Kitchener Panthers,Chatham-Kent Barnstormers,"May 17, 2025",,,,,Yadian Martinez,,,,,,,,,,
Top 4,4,0,0,0,'0-0,Kitchener Panthers,Chatham-Kent Barnstormers,"May 17, 2025",,,,,Yadian Martinez,,,,,,,,,,
Top 4,4,0,0,0,'0-0,Kitchener Panthers,Chatham-Kent Barnstormers,"May 17, 2025",,,,,Yadian Martinez,,,,,,,,,,
Top 4,4,0,0,0,'0-0,Kitchener Panthers,Chatham-Kent Barnstormers,"May 17, 2025",,,,,Yadian Martinez,,,,,,,,,,
Top 4,4,0,0,0,'0-0,Kitchener Panthers,Chatham-Kent Barnstormers,"May 17, 2025",,,,,Yadian Martinez,,,,,,,,,,
Top 4,4,0,0,0,'0-0,Kitchener Panthers,Chatham-Kent Barnstormers,"May 17, 2025",,,,,Yadian Martinez,,,,,,,,,,
Top 4,4,0,0,0,'0-0,Kitchener Panthers,Chatham-Kent Barnstormers,"May 17, 2025",,,,,Yadian Martinez,,,,,,,,,,
Top 4,4,0,0,0,'0-0,Kitchener Panthers,Chatham-Kent Barnstormers,"May 17, 2025",,,,,Yadian Martinez,,,,,,,,,,
Top 4,4,0,0,0,'0-0,Kitchener Panthers,Chatham-Kent Barnstormers,"May 17, 2025",,,,,Yadian Martinez,,,,,,,,,,
Top 4,4,0,0,0,'0-0,Kitchener Panthers,Chatham-Kent Barnstormers,"May 17, 2025",,,,,Yadian Martinez,,,,,,,,,,
Top 4,4,0,0,0,'0-0,Kitchener Panthers,Chatham-Kent Barnstormers,"May 17, 2025",,,,,Yadian Martinez,,,,,,,,,,
Top 4,4,0,0,0,'0-0,Kitchener Panthers,Chatham-Kent Barnstormers,"May 17, 2025",,,,,Yadian Martinez,,,,,,,,,,
Top 4,4,0,0,0,'0-0,Kitchener Panthers,Chatham-Kent Barnstormers,"May 17, 2025",,,,,Yadian Martinez,,,,,,,,,,
Top 4,4,0,0,0,'0-0,Kitchener Panthers,Chatham-Kent Barnstormers,"May 17, 2025",,,,,Yadian Martinez,,,,,,,,,,
Top 4,4,0,0,0,'0-0,Kitchener Panthers,Chatham-Kent Barnstormers,"May 17, 2025",,,,,Yadian Martinez,,,,,,,,,,
Top 4,4,0,0,0,'0-0,Kitchener Panthers,Chatham-Kent Barnstormers,"May 17, 2025",,,,,Yadian Martinez,,,,,,,,,,
Top 4,4,0,0,0,'0-0,Kitchener Panthers,Chatham-Kent Barnstormers,"May 17, 2025",,,,,Yadian Martinez,,,,,,,,,,
Top 4,4,0,0,0,'0-0,Kitchener Panthers,Chatham-Kent Barnstormers,"May 17, 2025",,,,,Yadian Martinez,,,,,,,,,,
Top 4,4,0,0,0,'0-0,Kitchener Panthers,Chatham-Kent Barnstormers,"May 17, 2025",,,,,Yadian Martinez,,,,,,,,,,
Top 4,4,0,0,0,'0-0,Kitchener Panthers,Chatham-Kent Barnstormers,"May 17, 2025",,,,,Yadian Martinez,,,,,,,,,,
Top 4,4,0,0,0,'0-0,Kitchener Panthers,Chatham-Kent Barnstormers,"May 17, 2025",,,,,Yadian Martinez,,,,,,,,,,
Top 4,4,0,0,0,'0-0,Kitchener Panthers,Chatham-Kent Barnstormers,"May 17, 2025",,,,,Yadian Martinez,,,,,,,,,,
Top 4,4,0,0,0,'0-0,Kitchener Panthers,Chatham-Kent Barnstormers,"May 17, 2025",,,,,Yadian Martinez,,,,,,,,,,
Top 4,4,0,0,0,'0-0,Kitchener Panthers,Chatham-Kent Barnstormers,"May 17, 2025",,,,,Yadian Martinez,,,,,,,,,,
Top 4,4,0,0,0,'0-0,Kitchener Panthers,Chatham-Kent Barnstormers,"May 17, 2025",,,,,Yadian Martinez,,,,,,,,,,
Top 4,4,0,0,0,'0-0,Kitchener Panthers,Chatham-Kent Barnstormers,"May 17, 2025",,,,,Yadian Martinez,,,,,,,,,,
Top 4,4,0,0,0,'0-0,Kitchener Panthers,Chatham-Kent Barnstormers,"May 17, 2025",,,,,Yadian Martinez,,,,,,,,,,
Top 4,4,0,0,0,'0-0,Kitchener Panthers,Chatham-Kent Barnstormers,"May 17, 2025",,,,,Yadian Martinez,,,,,,,,,,
Top 4,4,0,0,0,'0-0,Kitchener Panthers,Chatham-Kent Barnstormers,"May 17, 2025",,,,,Yadian Martinez,,,,,,,,,,
Top 4,4,0,0,0,'0-0,Kitchener Panthers,Chatham-Kent Barnstormers,"May 17, 2025",,,,,Yadian Martinez,,,,,,,,,,
Top 4,4,0,0,0,'0-0,Kitchener Panthers,Chatham-Kent Barnstormers,"May 17, 2025",,,,,Yadian Martinez,,,,,,,,,,
Top 4,4,0,0,0,'0-0,Kitchener Panthers,Chatham-Kent Barnstormers,"May 17, 2025",,,,,Yadian Martinez,,,,,,,,,,
Top 4,4,0,0,0,'0-0,Kitchener Panthers,Chatham-Kent Barnstormers,"May 17, 2025",,,,,Yadian Martinez,,,,,,,,,,
Top 4,4,0,0,0,'0-0,Kitchener Panthers,Chatham-Kent Barnstormers,"May 17, 2025",,,,,Yadian Martinez,,,,,,,,,,
Top 4,4,0,0,0,'0-0,Kitchener Panthers,Chatham-Kent Barnstormers,"May 17, 2025",,,,,Yadian Martinez,,,,,,,,,,
Top 4,4,0,0,0,'0-0,Kitchener Panthers,Chatham-Kent Barnstormers,"May 17, 2025",,,,,Yadian Martinez,,,,,,,,,,
Top 4,4,0,0,0,'0-0,Kitchener Panthers,Chatham-Kent Barnstormers,"May 17, 2025",,,,,Yadian Martinez,,,,,,,,,,
Top 4,4,0,0,0,'0-0,Kitchener Panthers,Chatham-Kent Barnstormers,"May 17, 2025",,,,,Yadian Martinez,,,,,,,,,,
Top 4,4,0,0,0,'0-0,Kitchener Panthers,Chatham-Kent Barnstormers,"May 17, 2025",,,,,Yadian Martinez,,,,,,,,,,
Top 4,4,0,0,0,'0-0,Kitchener Panthers,Chatham-Kent Barnstormers,"May 17, 2025",,,,,Yadian Martinez,,,,,,,,,,
Top 4,4,0,0,0,'0-0,Kitchener Panthers,Chatham-Kent Barnstormers,"May 17, 2025",,,,,Yadian Martinez,,,,,,,,,,
Top 4,4,0,0,0,'0-0,Kitchener Panthers,Chatham-Kent Barnstormers,"May 17, 2025",,,,,Yadian Martinez,,,,,,,,,,
Top 4,4,0,0,0,'0-0,Kitchener Panthers,Chatham-Kent Barnstormers,"May 17, 2025",,,,,Yadian Martinez,,,,,,,,,,
Top 4,4,0,0,0,'0-0,Kitchener Panthers,Chatham-Kent Barnstormers,"May 17, 2025",,,,,Yadian Martinez,,,,,,,,,,
Top 4,4,0,0,0,'0-0,Kitchener Panthers,Chatham-Kent Barnstormers,"May 17, 2025",,,,,Yadian Martinez,,,,,,,,,,
Top 4,4,0,0,0,'0-0,Kitchener Panthers,Chatham-Kent Barnstormers,"May 17, 2025",,,,,Yadian Martinez,,,,,,,,,,
Top 4,4,0,0,0,'0-0,Kitchener Panthers,Chatham-Kent Barnstormers,"May 17, 2025",,,,,Yadian Martinez,,,,,,,,,,
Top 4,4,0,0,0,'0-0,Kitchener Panthers,Chatham-Kent Barnstormers,"May 17, 2025",,,,,Yadian Martinez,,,,,,,,,,
Top 4,4,0,0,0,'0-0,Kitchener Panthers,Chatham-Kent Barnstormers,"May 17, 2025",,,,,Yadian Martinez,,,,,,,,,,
Top 4,4,0,0,0,'0-0,Kitchener Panthers,Chatham-Kent Barnstormers,"May 17, 2025",,,,,Yadian Martinez,,,,,,,,,,
Top 4,4,0,0,0,'0-0,Kitchener Panthers,Chatham-Kent Barnstormers,"May 17, 2025",,,,,Yadian Martinez,,,,,,,,,,
Top 4,4,0,0,0,'0-0,Kitchener Panthers,Chatham-Kent Barnstormers,"May 17, 2025",,,,,Yadian Martinez,,,,,,,,,,
Top 4,4,0,0,0,'0-0,Kitchener Panthers,Chatham-Kent Barnstormers,"May 17, 2025",,,,,Yadian Martinez,,,,,,,,,,
Top 4,4,0,0,0,'0-0,Kitchener Panthers,Chatham-Kent Barnstormers,"May 17, 2025",,,,,Yadian Martinez,,,,,,,,,,
Top 4,4,0,0,0,'0-0,Kitchener Panthers,Chatham-Kent Barnstormers,"May 17, 2025",,,,,Yadian Martinez,,,,,,,,,,
Top 4,4,0,0,0,'0-0,Kitchener Panthers,Chatham-Kent Barnstormers,"May 17, 2025",,,,,Yadian Martinez,,,,,,,,,,
Top 4,4,0,0,0,'0-0,Kitchener Panthers,Chatham-Kent Barnstormers,"May 17, 2025",,,,,Yadian Martinez,,,,,,,,,,
Top 4,4,0,0,0,'0-0,Kitchener Panthers,Chatham-Kent Barnstormers,"May 17, 2025",,,,,Yadian Martinez,,,,,,,,,,
Top 4,4,0,0,0,'0-0,Kitchener Panthers,Chatham-Kent Barnstormers,"May 17, 2025",,,,,Yadian Martinez,,,,,,,,,,
Top 4,4,0,0,0,'0-0,Kitchener Panthers,Chatham-Kent Barnstormers,"May 17, 2025",,,,,Yadian Martinez,,,,,,,,,,
Top 4,4,0,0,0,'0-0,Kitchener Panthers,Chatham-Kent Barnstormers,"May 17, 2025",,,,,Yadian Martinez,,,,,,,,,,
Top 4,4,0,0,0,'0-0,Kitchener Panthers,Chatham-Kent Barnstormers,"May 17, 2025",,,,,Yadian Martinez,,,,,,,,,,
Top 4,4,0,0,0,'0-0,Kitchener Panthers,Chatham-Kent Barnstormers,"May 17, 2025",,,,,Yadian Martinez,,,,,,,,,,
Top 4,4,0,0,0,'0-0,Kitchener Panthers,Chatham-Kent Barnstormers,"May 17, 2025",,,,,Yadian Martinez,,,,,,,,,,
Top 4,4,0,0,0,'0-0,Kitchener Panthers,Chatham-Kent Barnstormers,"May 17, 2025",,,,,Yadian Martinez,,,,,,,,,,
Top 4,4,0,0,0,'0-0,Kitchener Panthers,Chatham-Kent Barnstormers,"May 17, 2025",,,,,Yadian Martinez,,,,,,,,,,
Top 4,4,0,0,0,'0-0,Kitchener Panthers,Chatham-Kent Barnstormers,"May 17, 2025",,,,,Yadian Martinez,,,,,,,,,,
Top 4,4,0,0,0,'0-0,Kitchener Panthers,Chatham-Kent Barnstormers,"May 17, 2025",,,,,Yadian Martinez,,,,,,,,,,
Top 4,4,0,0,0,'0-0,Kitchener Panthers,Chatham-Kent Barnstormers,"May 17, 2025",,,,,Yadian Martinez,,,,,,,,,,
Top 4,4,0,0,0,'0-0,Kitchener Panthers,Chatham-Kent Barnstormers,"May 17, 2025",,,,,Yadian Martinez,,,,,,,,,,
Top 4,4,0,0,0,'0-0,Kitchener Panthers,Chatham-Kent Barnstormers,"May 17, 2025",,,,,Yadian Martinez,,,,,,,,,,
Top 4,4,0,0,0,'0-0,Kitchener Panthers,Chatham-Kent Barnstormers,"May 17, 2025",,,,,Yadian Martinez,,,,,,,,,,
Top 4,4,0,0,0,'0-0,Kitchener Panthers,Chatham-Kent Barnstormers,"May 17, 2025",,,,,Yadian Martinez,,,,,,,,,,
Top 4,4,0,0,0,'0-0,Kitchener Panthers,Chatham-Kent Barnstormers,"May 17, 2025",,,,,Yadian Martinez,,,,,,,,,,
Top 4,4,0,0,0,'0-0,Kitchener Panthers,Chatham-Kent Barnstormers,"May 17, 2025",,,,,Yadian Martinez,,,,,,,,,,
Top 4,4,0,0,0,'0-0,Kitchener Panthers,Chatham-Kent Barnstormers,"May 17, 2025",,,,,Yadian Martinez,,,,,,,,,,
Top 4,4,0,0,0,'0-0,Kitchener Panthers,Chatham-Kent Barnstormers,"May 17, 2025",,,,,Yadian Martinez,,,,,,,,,,
Top 4,4,0,0,0,'0-0,Kitchener Panthers,Chatham-Kent Barnstormers,"May 17, 2025",,,,,Yadian Martinez,,,,,,,,,,
Top 4,4,0,0,0,'0-0,Kitchener Panthers,Chatham-Kent Barnstormers,"May 17, 2025",,,,,Yadian Martinez,,,,,,,,,,
Top 4,4,0,0,0,'0-0,Kitchener Panthers,Chatham-Kent Barnstormers,"May 17, 2025",,,,,Yadian Martinez,,,,,,,,,,
Top 4,4,0,0,0,'0-0,Kitchener Panthers,Chatham-Kent Barnstormers,"May 17, 2025",,,,,Yadian Martinez,,,,,,,,,,
Top 4,4,0,0,0,'0-0,Kitchener Panthers,Chatham-Kent Barnstormers,"May 17, 2025",,,,,Yadian Martinez,,,,,,,,,,
Top 4,4,0,0,0,'0-0,Kitchener Panthers,Chatham-Kent Barnstormers,"May 17, 2025",,,,,Yadian Martinez,,,,,,,,,,
Top 4,4,0,0,0,'0-0,Kitchener Panthers,Chatham-Kent Barnstormers,"May 17, 2025",,,,,Yadian Martinez,,,,,,,,,,
Top 4,4,0,0,0,'0-0,Kitchener Panthers,Chatham-Kent Barnstormers,"May 17, 2025",,,,,Yadian Martinez,,,,,,,,,,
Top 4,4,0,0,0,'0-0,Kitchener Panthers,Chatham-Kent Barnstormers,"May 17, 2025",,,,,Yadian Martinez,,,,,,,,,,
Top 4,4,0,0,0,'0-0,Kitchener Panthers,Chatham-Kent Barnstormers,"May 17, 2025",,,,,Yadian Martinez,,,,,,,,,,
Top 4,4,0,0,0,'0-0,Kitchener Panthers,Chatham-Kent Barnstormers,"May 17, 2025",,,,,Yadian Martinez,,,,,,,,,,
Top 4,4,0,0,0,'0-0,Kitchener Panthers,Chatham-Kent Barnstormers,"May 17, 2025",,,,,Yadian Martinez,,,,,,,,,,
Top 4,4,0,0,0,'0-0,Kitchener Panthers,Chatham-Kent Barnstormers,"May 17, 2025",,,,,Yadian Martinez,,,,,,,,,,
Top 4,4,0,0,0,'0-0,Kitchener Panthers,Chatham-Kent Barnstormers,"May 17, 2025",,,,,Yadian Martinez,,,,,,,,,,
Top 4,4,0,0,0,'0-0,Kitchener Panthers,Chatham-Kent Barnstormers,"May 17, 2025",,,,,Yadian Martinez,,,,,,,,,,
Top 4,4,0,0,0,'0-0,Kitchener Panthers,Chatham-Kent Barnstormers,"May 17, 2025",,,,,Yadian Martinez,,,,,,,,,,
Top 4,4,0,0,0,'0-0,Kitchener Panthers,Chatham-Kent Barnstormers,"May 17, 2025",,,,,Yadian Martinez,,,,,,,,,,
Top 4,4,0,0,0,'0-0,Kitchener Panthers,Chatham-Kent Barnstormers,"May 17, 2025",,,,,Yadian Martinez,,,,,,,,,,
Top 4,4,0,0,0,'0-0,Kitchener Panthers,Chatham-Kent Barnstormers,"May 17, 2025",,,,,Yadian Martinez,,,,,,,,,,
Top 4,4,0,0,0,'0-0,Kitchener Panthers,Chatham-Kent Barnstormers,"May 17, 2025",,,,,Yadian Martinez,,,,,,,,,,
Top 4,4,0,0,0,'0-0,Kitchener Panthers,Chatham-Kent Barnstormers,"May 17, 2025",,,,,Yadian Martinez,,,,,,,,,,
Top 4,4,0,0,0,'0-0,Kitchener Panthers,Chatham-Kent Barnstormers,"May 17, 2025",,,,,Yadian Martinez,,,,,,,,,,
Top 4,4,0,0,0,'0-0,Kitchener Panthers,Chatham-Kent Barnstormers,"May 17, 2025",,,,,Yadian Martinez,,,,,,,,,,
Top 4,4,0,0,0,'0-0,Kitchener Panthers,Chatham-Kent Barnstormers,"May 17, 2025",,,,,Yadian Martinez,,,,,,,,,,
Top 4,4,0,0,0,'0-0,Kitchener Panthers,Chatham-Kent Barnstormers,"May 17, 2025",,,,,Yadian Martinez,,,,,,,,,,
Top 4,4,0,0,0,'0-0,Kitchener Panthers,Chatham-Kent Barnstormers,"May 17, 2025",,,,,Yadian Martinez,,,,,,,,,,
Top 4,4,0,0,0,'0-0,Kitchener Panthers,Chatham-Kent Barnstormers,"May 17, 2025",,,,,Yadian Martinez,,,,,,,,,,
Top 4,4,0,0,0,'0-0,Kitchener Panthers,Chatham-Kent Barnstormers,"May 17, 2025",,,,,Yadian Martinez,,,,,,,,,,
Top 4,4,0,0,0,'0-0,Kitchener Panthers,Chatham-Kent Barnstormers,"May 17, 2025",,,,,Yadian Martinez,,,,,,,,,,
Top 4,4,0,0,0,'0-0,Kitchener Panthers,Chatham-Kent Barnstormers,"May 17, 2025",,,,,Yadian Martinez,,,,,,,,,,
Top 4,4,0,0,0,'0-0,Kitchener Panthers,Chatham-Kent Barnstormers,"May 17, 2025",,,,,Yadian Martinez,,,,,,,,,,
Top 4,4,0,0,0,'0-0,Kitchener Panthers,Chatham-Kent Barnstormers,"May 17, 2025",,,,,Yadian Martinez,,,,,,,,,,
Top 4,4,0,0,0,'0-0,Kitchener Panthers,Chatham-Kent Barnstormers,"May 17, 2025",,,,,Yadian Martinez,,,,,,,,,,
Top 4,4,0,0,0,'0-0,Kitchener Panthers,Chatham-Kent Barnstormers,"May 17, 2025",,,,,Yadian Martinez,,,,,,,,,,
Top 4,4,0,0,0,'0-0,Kitchener Panthers,Chatham-Kent Barnstormers,"May 17, 2025",,,,,Yadian Martinez,,,,,,,,,,
Top 4,4,0,0,0,'0-0,Kitchener Panthers,Chatham-Kent Barnstormers,"May 17, 2025",,,,,Yadian Martinez,,,,,,,,,,
Top 4,4,0,0,0,'0-0,Kitchener Panthers,Chatham-Kent Barnstormers,"May 17, 2025",,,,,Yadian Martinez,,,,,,,,,,
Top 4,4,0,0,0,'0-0,Kitchener Panthers,Chatham-Kent Barnstormers,"May 17, 2025",,,,,Yadian Martinez,,,,,,,,,,
Top 4,4,0,0,0,'0-0,Kitchener Panthers,Chatham-Kent Barnstormers,"May 17, 2025",,,,,Yadian Martinez,,,,,,,,,,
Top 4,4,0,0,0,'0-0,Kitchener Panthers,Chatham-Kent Barnstormers,"May 17, 2025",,,,,Yadian Martinez,,,,,,,,,,
Top 4,4,0,0,0,'0-0,Kitchener Panthers,Chatham-Kent Barnstormers,"May 17, 2025",,,,,Yadian Martinez,,,,,,,,,,
Top 4,4,0,0,0,'0-0,Kitchener Panthers,Chatham-Kent Barnstormers,"May 17, 2025",,,,,Yadian Martinez,,,,,,,,,,
Top 4,4,0,0,0,'0-0,Kitchener Panthers,Chatham-Kent Barnstormers,"May 17, 2025",,,,,Yadian Martinez,,,,,,,,,,
Top 4,4,0,0,0,'0-0,Kitchener Panthers,Chatham-Kent Barnstormers,"May 17, 2025",,,,,Yadian Martinez,,,,,,,,,,
Top 4,4,0,0,0,'0-0,Kitchener Panthers,Chatham-Kent Barnstormers,"May 17, 2025",,,,,Yadian Martinez,,,,,,,,,,
Top 4,4,0,0,0,'0-0,Kitchener Panthers,Chatham-Kent Barnstormers,"May 17, 2025",,,,,Yadian Martinez,,,,,,,,,,
Top 4,4,0,0,0,'0-0,Kitchener Panthers,Chatham-Kent Barnstormers,"May 17, 2025",,,,,Yadian Martinez,,,,,,,,,,
Top 4,4,0,0,0,'0-0,Kitchener Panthers,Chatham-Kent Barnstormers,"May 17, 2025",,,,,Yadian Martinez,,,,,,,,,,
Top 4,4,0,0,0,'0-0,Kitchener Panthers,Chatham-Kent Barnstormers,"May 17, 2025",,,,,Yadian Martinez,,,,,,,,,,
Top 4,4,0,0,0,'0-0,Kitchener Panthers,Chatham-Kent Barnstormers,"May 17, 2025",,,,,Yadian Martinez,,,,,,,,,,
Top 4,4,0,0,0,'0-0,Kitchener Panthers,Chatham-Kent Barnstormers,"May 17, 2025",,,,,Yadian Martinez,,,,,,,,,,
Top 4,4,0,0,0,'0-0,Kitchener Panthers,Chatham-Kent Barnstormers,"May 17, 2025",,,,,Yadian Martinez,,,,,,,,,,
Top 4,4,0,0,0,'0-0,Kitchener Panthers,Chatham-Kent Barnstormers,"May 17, 2025",,,,,Yadian Martinez,,,,,,,,,,
Top 4,4,0,0,0,'0-0,Kitchener Panthers,Chatham-Kent Barnstormers,"May 17, 2025",,,,,Yadian Martinez,,,,,,,,,,
Top 4,4,0,0,0,'0-0,Kitchener Panthers,Chatham-Kent Barnstormers,"May 17, 2025",,,,,Yadian Martinez,,,,,,,,,,
Top 4,4,0,0,0,'0-0,Kitchener Panthers,Chatham-Kent Barnstormers,"May 17, 2025",,,,,Yadian Martinez,,,,,,,,,,
Top 4,4,0,0,0,'0-0,Kitchener Panthers,Chatham-Kent Barnstormers,"May 17, 2025",,,,,Yadian Martinez,,,,,,,,,,
Top 4,4,0,0,0,'0-0,Kitchener Panthers,Chatham-Kent Barnstormers,"May 17, 2025",,,,,Yadian Martinez,,,,,,,,,,
Top 4,4,0,0,0,'0-0,Kitchener Panthers,Chatham-Kent Barnstormers,"May 17, 2025",,,,,Yadian Martinez,,,,,,,,,,
Top 4,4,0,0,0,'0-0,Kitchener Panthers,Chatham-Kent Barnstormers,"May 17, 2025",,,,,Yadian Martinez,,,,,,,,,,
Top 4,4,0,0,0,'0-0,Kitchener Panthers,Chatham-Kent Barnstormers,"May 17, 2025",,,,,Yadian Martinez,,,,,,,,,,
Top 4,4,0,0,0,'0-0,Kitchener Panthers,Chatham-Kent Barnstormers,"May 17, 2025",,,,,Yadian Martinez,,,,,,,,,,
Top 4,4,0,0,0,'0-0,Kitchener Panthers,Chatham-Kent Barnstormers,"May 17, 2025",,,,,Yadian Martinez,,,,,,,,,,
Top 4,4,0,0,0,'0-0,Kitchener Panthers,Chatham-Kent Barnstormers,"May 17, 2025",,,,,Yadian Martinez,,,,,,,,,,
Top 4,4,0,0,0,'0-0,Kitchener Panthers,Chatham-Kent Barnstormers,"May 17, 2025",,,,,Yadian Martinez,,,,,,,,,,
Top 4,4,0,0,0,'0-0,Kitchener Panthers,Chatham-Kent Barnstormers,"May 17, 2025",,,,,Yadian Martinez,,,,,,,,,,
Top 4,4,0,0,0,'0-0,Kitchener Panthers,Chatham-Kent Barnstormers,"May 17, 2025",,,,,Yadian Martinez,,,,,,,,,,
Top 4,4,0,0,0,'0-0,Kitchener Panthers,Chatham-Kent Barnstormers,"May 17, 2025",,,,,Yadian Martinez,,,,,,,,,,
Top 4,4,0,0,0,'0-0,Kitchener Panthers,Chatham-Kent Barnstormers,"May 17, 2025",,,,,Yadian Martinez,,,,,,,,,,
Top 4,4,0,0,0,'0-0,Kitchener Panthers,Chatham-Kent Barnstormers,"May 17, 2025",,,,,Yadian Martinez,,,,,,,,,,
Top 4,4,0,0,0,'0-0,Kitchener Panthers,Chatham-Kent Barnstormers,"May 17, 2025",,,,,Yadian Martinez,,,,,,,,,,
Top 4,4,0,0,0,'0-0,Kitchener Panthers,Chatham-Kent Barnstormers,"May 17, 2025",,,,,Yadian Martinez,,,,,,,,,,
Top 4,4,0,0,0,'0-0,Kitchener Panthers,Chatham-Kent Barnstormers,"May 17, 2025",,,,,Yadian Martinez,,,,,,,,,,
Top 4,4,0,0,0,'0-0,Kitchener Panthers,Chatham-Kent Barnstormers,"May 17, 2025",,,,,Yadian Martinez,,,,,,,,,,
Top 4,4,0,0,0,'0-0,Kitchener Panthers,Chatham-Kent Barnstormers,"May 17, 2025",,,,,Yadian Martinez,,,,,,,,,,
Top 4,4,0,0,0,'0-0,Kitchener Panthers,Chatham-Kent Barnstormers,"May 17, 2025",,,,,Yadian Martinez,,,,,,,,,,
Top 4,4,0,0,0,'0-0,Kitchener Panthers,Chatham-Kent Barnstormers,"May 17, 2025",,,,,Yadian Martinez,,,,,,,,,,
Top 4,4,0,0,0,'0-0,Kitchener Panthers,Chatham-Kent Barnstormers,"May 17, 2025",,,,,Yadian Martinez,,,,,,,,,,
Top 4,4,0,0,0,'0-0,Kitchener Panthers,Chatham-Kent Barnstormers,"May 17, 2025",,,,,Yadian Martinez,,,,,,,,,,
Top 4,4,0,0,0,'0-0,Kitchener Panthers,Chatham-Kent Barnstormers,"May 17, 2025",,,,,Yadian Martinez,,,,,,,,,,
Top 4,4,0,0,0,'0-0,Kitchener Panthers,Chatham-Kent Barnstormers,"May 17, 2025",,,,,Yadian Martinez,,,,,,,,,,
Top 4,4,0,0,0,'0-0,Kitchener Panthers,Chatham-Kent Barnstormers,"May 17, 2025",,,,,Yadian Martinez,,,,,,,,,,
Top 4,4,0,0,0,'0-0,Kitchener Panthers,Chatham-Kent Barnstormers,"May 17, 2025",,,,,Yadian Martinez,,,,,,,,,,
Top 4,4,0,0,0,'0-0,Kitchener Panthers,Chatham-Kent Barnstormers,"May 17, 2025",,,,,Yadian Martinez,,,,,,,,,,
Top 4,4,0,0,0,'0-0,Kitchener Panthers,Chatham-Kent Barnstormers,"May 17, 2025",,,,,Yadian Martinez,,,,,,,,,,
Top 4,4,0,0,0,'0-0,Kitchener Panthers,Chatham-Kent Barnstormers,"May 17, 2025",,,,,Yadian Martinez,,,,,,,,,,
Top 4,4,0,0,0,'0-0,Kitchener Panthers,Chatham-Kent Barnstormers,"May 17, 2025",,,,,Yadian Martinez,,,,,,,,,,
Top 4,4,0,0,0,'0-0,Kitchener Panthers,Chatham-Kent Barnstormers,"May 17, 2025",,,,,Yadian Martinez,,,,,,,,,,
Top 4,4,0,0,0,'0-0,Kitchener Panthers,Chatham-Kent Barnstormers,"May 17, 2025",,,,,Yadian Martinez,,,,,,,,,,
Top 4,4,0,0,0,'0-0,Kitchener Panthers,Chatham-Kent Barnstormers,"May 17, 2025",,,,,Yadian Martinez,,,,,,,,,,
Top 4,4,0,0,0,'0-0,Kitchener Panthers,Chatham-Kent Barnstormers,"May 17, 2025",,,,,Yadian Martinez,,,,,,,,,,
Top 4,4,0,0,0,'0-0,Kitchener Panthers,Chatham-Kent Barnstormers,"May 17, 2025",,,,,Yadian Martinez,,,,,,,,,,
Top 4,4,0,0,0,'0-0,Kitchener Panthers,Chatham-Kent Barnstormers,"May 17, 2025",,,,,Yadian Martinez,,,,,,,,,,
Top 4,4,0,0,0,'0-0,Kitchener Panthers,Chatham-Kent Barnstormers,"May 17, 2025",,,,,Yadian Martinez,,,,,,,,,,
Top 4,4,0,0,0,'0-0,Kitchener Panthers,Chatham-Kent Barnstormers,"May 17, 2025",,,,,Yadian Martinez,,,,,,,,,,
Top 4,4,0,0,0,'0-0,Kitchener Panthers,Chatham-Kent Barnstormers,"May 17, 2025",,,,,Yadian Martinez,,,,,,,,,,
Top 4,4,0,0,0,'0-0,Kitchener Panthers,Chatham-Kent Barnstormers,"May 17, 2025",,,,,Yadian Martinez,,,,,,,,,,
Top 4,4,0,0,0,'0-0,Kitchener Panthers,Chatham-Kent Barnstormers,"May 17, 2025",,,,,Yadian Martinez,,,,,,,,,,
Top 4,4,0,0,0,'0-0,Kitchener Panthers,Chatham-Kent Barnstormers,"May 17, 2025",,,,,Yadian Martinez,,,,,,,,,,
Top 4,4,0,0,0,'0-0,Kitchener Panthers,Chatham-Kent Barnstormers,"May 17, 2025",,,,,Yadian Martinez,,,,,,,,,,
Top 4,4,0,0,0,'0-0,Kitchener Panthers,Chatham-Kent Barnstormers,"May 17, 2025",,,,,Yadian Martinez,,,,,,,,,,
Top 4,4,0,0,0,'0-0,Kitchener Panthers,Chatham-Kent Barnstormers,"May 17, 2025",,,,,Yadian Martinez,,,,,,,,,,
Top 4,4,0,0,0,'0-0,Kitchener Panthers,Chatham-Kent Barnstormers,"May 17, 2025",,,,,Yadian Martinez,,,,,,,,,,
Top 4,4,0,0,0,'0-0,Kitchener Panthers,Chatham-Kent Barnstormers,"May 17, 2025",,,,,Yadian Martinez,,,,,,,,,,
Top 4,4,0,0,0,'0-0,Kitchener Panthers,Chatham-Kent Barnstormers,"May 17, 2025",,,,,Yadian Martinez,,,,,,,,,,
Top 4,4,0,0,0,'0-0,Kitchener Panthers,Chatham-Kent Barnstormers,"May 17, 2025",,,,,Yadian Martinez,,,,,,,,,,
Top 4,4,0,0,0,'0-0,Kitchener Panthers,Chatham-Kent Barnstormers,"May 17, 2025",,,,,Yadian Martinez,,,,,,,,,,
Top 4,4,0,0,0,'0-0,Kitchener Panthers,Chatham-Kent Barnstormers,"May 17, 2025",,,,,Yadian Martinez,,,,,,,,,,
Top 4,4,0,0,0,'0-0,Kitchener Panthers,Chatham-Kent Barnstormers,"May 17, 2025",,,,,Yadian Martinez,,,,,,,,,,
Top 4,4,0,0,0,'0-0,Kitchener Panthers,Chatham-Kent Barnstormers,"May 17, 2025",,,,,Yadian Martinez,,,,,,,,,,
Top 4,4,0,0,0,'0-0,Kitchener Panthers,Chatham-Kent Barnstormers,"May 17, 2025",,,,,Yadian Martinez,,,,,,,,,,
Top 4,4,0,0,0,'0-0,Kitchener Panthers,Chatham-Kent Barnstormers,"May 17, 2025",,,,,Yadian Martinez,,,,,,,,,,
Top 4,4,0,0,0,'0-0,Kitchener Panthers,Chatham-Kent Barnstormers,"May 17, 2025",,,,,Yadian Martinez,,,,,,,,,,
Top 4,4,0,0,0,'0-0,Kitchener Panthers,Chatham-Kent Barnstormers,"May 17, 2025",,,,,Yadian Martinez,,,,,,,,,,
Top 4,4,0,0,0,'0-0,Kitchener Panthers,Chatham-Kent Barnstormers,"May 17, 2025",,,,,Yadian Martinez,,,,,,,,,,
Top 4,4,0,0,0,'0-0,Kitchener Panthers,Chatham-Kent Barnstormers,"May 17, 2025",,,,,Yadian Martinez,,,,,,,,,,
Top 4,4,0,0,0,'0-0,Kitchener Panthers,Chatham-Kent Barnstormers,"May 17, 2025",,,,,Yadian Martinez,,,,,,,,,,
Top 4,4,0,0,0,'0-0,Kitchener Panthers,Chatham-Kent Barnstormers,"May 17, 2025",,,,,Yadian Martinez,,,,,,,,,,
Top 4,4,0,0,0,'0-0,Kitchener Panthers,Chatham-Kent Barnstormers,"May 17, 2025",,,,,Yadian Martinez,,,,,,,,,,
Top 4,4,0,0,0,'0-0,Kitchener Panthers,Chatham-Kent Barnstormers,"May 17, 2025",,,,,Yadian Martinez,,,,,,,,,,
Top 4,4,0,0,0,'0-0,Kitchener Panthers,Chatham-Kent Barnstormers,"May 17, 2025",,,,,Yadian Martinez,,,,,,,,,,
Top 4,4,0,0,0,'0-0,Kitchener Panthers,Chatham-Kent Barnstormers,"May 17, 2025",,,,,Yadian Martinez,,,,,,,,,,
Top 4,4,0,0,0,'0-0,Kitchener Panthers,Chatham-Kent Barnstormers,"May 17, 2025",,,,,Yadian Martinez,,,,,,,,,,
Top 4,4,0,0,0,'0-0,Kitchener Panthers,Chatham-Kent Barnstormers,"May 17, 2025",,,,,Yadian Martinez,,,,,,,,,,
Top 4,4,0,0,0,'0-0,Kitchener Panthers,Chatham-Kent Barnstormers,"May 17, 2025",,,,,Yadian Martinez,,,,,,,,,,
Top 4,4,0,0,0,'0-0,Kitchener Panthers,Chatham-Kent Barnstormers,"May 17, 2025",,,,,Yadian Martinez,,,,,,,,,,
Top 4,4,0,0,0,'0-0,Kitchener Panthers,Chatham-Kent Barnstormers,"May 17, 2025",,,,,Yadian Martinez,,,,,,,,,,
Top 4,4,0,0,0,'0-0,Kitchener Panthers,Chatham-Kent Barnstormers,"May 17, 2025",,,,,Yadian Martinez,,,,,,,,,,
Top 4,4,0,0,0,'0-0,Kitchener Panthers,Chatham-Kent Barnstormers,"May 17, 2025",,,,,Yadian Martinez,,,,,,,,,,
Top 4,4,0,0,0,'0-0,Kitchener Panthers,Chatham-Kent Barnstormers,"May 17, 2025",,,,,Yadian Martinez,,,,,,,,,,
Top 4,4,0,0,0,'0-0,Kitchener Panthers,Chatham-Kent Barnstormers,"May 17, 2025",,,,,Yadian Martinez,,,,,,,,,,
Top 4,4,0,0,0,'0-0,Kitchener Panthers,Chatham-Kent Barnstormers,"May 17, 2025",,,,,Yadian Martinez,,,,,,,,,,
Top 4,4,0,0,0,'0-0,Kitchener Panthers,Chatham-Kent Barnstormers,"May 17, 2025",,,,,Yadian Martinez,,,,,,,,,,
Top 4,4,0,0,0,'0-0,Kitchener Panthers,Chatham-Kent Barnstormers,"May 17, 2025",,,,,Yadian Martinez,,,,,,,,,,
Top 4,4,0,0,0,'0-0,Kitchener Panthers,Chatham-Kent Barnstormers,"May 17, 2025",,,,,Yadian Martinez,,,,,,,,,,
Top 4,4,0,0,0,'0-0,Kitchener Panthers,Chatham-Kent Barnstormers,"May 17, 2025",,,,,Yadian Martinez,,,,,,,,,,
Top 4,4,0,0,0,'0-0,Kitchener Panthers,Chatham-Kent Barnstormers,"May 17, 2025",,,,,Yadian Martinez,,,,,,,,,,
Top 4,4,0,0,0,'0-0,Kitchener Panthers,Chatham-Kent Barnstormers,"May 17, 2025",,,,,Yadian Martinez,,,,,,,,,,
Top 4,4,0,0,0,'0-0,Kitchener Panthers,Chatham-Kent Barnstormers,"May 17, 2025",,,,,Yadian Martinez,,,,,,,,,,
Top 4,4,0,0,0,'0-0,Kitchener Panthers,Chatham-Kent Barnstormers,"May 17, 2025",,,,,Yadian Martinez,,,,,,,,,,
Top 4,4,0,0,0,'0-0,Kitchener Panthers,Chatham-Kent Barnstormers,"May 17, 2025",,,,,Yadian Martinez,,,,,,,,,,
Top 4,4,0,0,0,'0-0,Kitchener Panthers,Chatham-Kent Barnstormers,"May 17, 2025",,,,,Yadian Martinez,,,,,,,,,,
Top 4,4,0,0,0,'0-0,Kitchener Panthers,Chatham-Kent Barnstormers,"May 17, 2025",,,,,Yadian Martinez,,,,,,,,,,
Top 4,4,0,0,0,'0-0,Kitchener Panthers,Chatham-Kent Barnstormers,"May 17, 2025",,,,,Yadian Martinez,,,,,,,,,,
Top 4,4,0,0,0,'0-0,Kitchener Panthers,Chatham-Kent Barnstormers,"May 17, 2025",,,,,Yadian Martinez,,,,,,,,,,
Top 4,4,0,0,0,'0-0,Kitchener Panthers,Chatham-Kent Barnstormers,"May 17, 2025",,,,,Yadian Martinez,,,,,,,,,,
Top 4,4,0,0,0,'0-0,Kitchener Panthers,Chatham-Kent Barnstormers,"May 17, 2025",,,,,Yadian Martinez,,,,,,,,,,
Top 4,4,0,0,0,'0-0,Kitchener Panthers,Chatham-Kent Barnstormers,"May 17, 2025",,,,,Yadian Martinez,,,,,,,,,,
Top 4,4,0,0,0,'0-0,Kitchener Panthers,Chatham-Kent Barnstormers,"May 17, 2025",,,,,Yadian Martinez,,,,,,,,,,
Top 4,4,0,0,0,'0-0,Kitchener Panthers,Chatham-Kent Barnstormers,"May 17, 2025",,,,,Yadian Martinez,,,,,,,,,,
Top 4,4,0,0,0,'0-0,Kitchener Panthers,Chatham-Kent Barnstormers,"May 17, 2025",,,,,Yadian Martinez,,,,,,,,,,
Top 4,4,0,0,0,'0-0,Kitchener Panthers,Chatham-Kent Barnstormers,"May 17, 2025",,,,,Yadian Martinez,,,,,,,,,,
Top 4,4,0,0,0,'0-0,Kitchener Panthers,Chatham-Kent Barnstormers,"May 17, 2025",,,,,Yadian Martinez,,,,,,,,,,
Top 4,4,0,0,0,'0-0,Kitchener Panthers,Chatham-Kent Barnstormers,"May 17, 2025",,,,,Yadian Martinez,,,,,,,,,,
Top 4,4,0,0,0,'0-0,Kitchener Panthers,Chatham-Kent Barnstormers,"May 17, 2025",,,,,Yadian Martinez,,,,,,,,,,
Top 4,4,0,0,0,'0-0,Kitchener Panthers,Chatham-Kent Barnstormers,"May 17, 2025",,,,,Yadian Martinez,,,,,,,,,,
Top 4,4,0,0,0,'0-0,Kitchener Panthers,Chatham-Kent Barnstormers,"May 17, 2025",,,,,Yadian Martinez,,,,,,,,,,
Top 4,4,0,0,0,'0-0,Kitchener Panthers,Chatham-Kent Barnstormers,"May 17, 2025",,,,,Yadian Martinez,,,,,,,,,,
Top 4,4,0,0,0,'0-0,Kitchener Panthers,Chatham-Kent Barnstormers,"May 17, 2025",,,,,Yadian Martinez,,,,,,,,,,
Top 4,4,0,0,0,'0-0,Kitchener Panthers,Chatham-Kent Barnstormers,"May 17, 2025",,,,,Yadian Martinez,,,,,,,,,,
Top 4,4,0,0,0,'0-0,Kitchener Panthers,Chatham-Kent Barnstormers,"May 17, 2025",,,,,Yadian Martinez,,,,,,,,,,
Top 4,4,0,0,0,'0-0,Kitchener Panthers,Chatham-Kent Barnstormers,"May 17, 2025",,,,,Yadian Martinez,,,,,,,,,,
Top 4,4,0,0,0,'0-0,Kitchener Panthers,Chatham-Kent Barnstormers,"May 17, 2025",,,,,Yadian Martinez,,,,,,,,,,
Top 4,4,0,0,0,'0-0,Kitchener Panthers,Chatham-Kent Barnstormers,"May 17, 2025",,,,,Yadian Martinez,,,,,,,,,,
Top 4,4,0,0,0,'0-0,Kitchener Panthers,Chatham-Kent Barnstormers,"May 17, 2025",,,,,Yadian Martinez,,,,,,,,,,
Top 4,4,0,0,0,'0-0,Kitchener Panthers,Chatham-Kent Barnstormers,"May 17, 2025",,,,,Yadian Martinez,,,,,,,,,,
Top 4,4,0,0,0,'0-0,Kitchener Panthers,Chatham-Kent Barnstormers,"May 17, 2025",,,,,Yadian Martinez,,,,,,,,,,
Top 4,4,0,0,0,'0-0,Kitchener Panthers,Chatham-Kent Barnstormers,"May 17, 2025",,,,,Yadian Martinez,,,,,,,,,,
Top 4,4,0,0,0,'0-0,Kitchener Panthers,Chatham-Kent Barnstormers,"May 17, 2025",,,,,Yadian Martinez,,,,,,,,,,
Top 4,4,0,0,0,'0-0,Kitchener Panthers,Chatham-Kent Barnstormers,"May 17, 2025",,,,,Yadian Martinez,,,,,,,,,,
Top 4,4,0,0,0,'0-0,Kitchener Panthers,Chatham-Kent Barnstormers,"May 17, 2025",,,,,Yadian Martinez,,,,,,,,,,
Top 4,4,0,0,0,'0-0,Kitchener Panthers,Chatham-Kent Barnstormers,"May 17, 2025",,,,,Yadian Martinez,,,,,,,,,,
Top 4,4,0,0,0,'0-0,Kitchener Panthers,Chatham-Kent Barnstormers,"May 17, 2025",,,,,Yadian Martinez,,,,,,,,,,
Top 4,4,0,0,0,'0-0,Kitchener Panthers,Chatham-Kent Barnstormers,"May 17, 2025",,,,,Yadian Martinez,,,,,,,,,,
Top 4,4,0,0,0,'0-0,Kitchener Panthers,Chatham-Kent Barnstormers,"May 17, 2025",,,,,Yadian Martinez,,,,,,,,,,
Top 4,4,0,0,0,'0-0,Kitchener Panthers,Chatham-Kent Barnstormers,"May 17, 2025",,,,,Yadian Martinez,,,,,,,,,,
Top 4,4,0,0,0,'0-0,Kitchener Panthers,Chatham-Kent Barnstormers,"May 17, 2025",,,,,Yadian Martinez,,,,,,,,,,
Top 4,4,0,0,0,'0-0,Kitchener Panthers,Chatham-Kent Barnstormers,"May 17, 2025",,,,,Yadian Martinez,,,,,,,,,,
Top 4,4,0,0,0,'0-0,Kitchener Panthers,Chatham-Kent Barnstormers,"May 17, 2025",,,,,Yadian Martinez,,,,,,,,,,
Top 4,4,0,0,0,'0-0,Kitchener Panthers,Chatham-Kent Barnstormers,"May 17, 2025",,,,,Yadian Martinez,,,,,,,,,,
Top 4,4,0,0,0,'0-0,Kitchener Panthers,Chatham-Kent Barnstormers,"May 17, 2025",,,,,Yadian Martinez,,,,,,,,,,
Top 4,4,0,0,0,'0-0,Kitchener Panthers,Chatham-Kent Barnstormers,"May 17, 2025",,,,,Yadian Martinez,,,,,,,,,,
Top 4,4,0,0,0,'0-0,Kitchener Panthers,Chatham-Kent Barnstormers,"May 17, 2025",,,,,Yadian Martinez,,,,,,,,,,
Top 4,4,0,0,0,'0-0,Kitchener Panthers,Chatham-Kent Barnstormers,"May 17, 2025",,,,,Yadian Martinez,,,,,,,,,,
Top 4,4,0,0,0,'0-0,Kitchener Panthers,Chatham-Kent Barnstormers,"May 17, 2025",,,,,Yadian Martinez,,,,,,,,,,
Top 4,4,0,0,0,'0-0,Kitchener Panthers,Chatham-Kent Barnstormers,"May 17, 2025",,,,,Yadian Martinez,,,,,,,,,,
Top 4,4,0,0,0,'0-0,Kitchener Panthers,Chatham-Kent Barnstormers,"May 17, 2025",,,,,Yadian Martinez,,,,,,,,,,
Top 4,4,0,0,0,'0-0,Kitchener Panthers,Chatham-Kent Barnstormers,"May 17, 2025",,,,,Yadian Martinez,,,,,,,,,,
Top 4,4,0,0,0,'0-0,Kitchener Panthers,Chatham-Kent Barnstormers,"May 17, 2025",,,,,Yadian Martinez,,,,,,,,,,
Top 4,4,0,0,0,'0-0,Kitchener Panthers,Chatham-Kent Barnstormers,"May 17, 2025",,,,,Yadian Martinez,,,,,,,,,,
Top 4,4,0,0,0,'0-0,Kitchener Panthers,Chatham-Kent Barnstormers,"May 17, 2025",,,,,Yadian Martinez,,,,,,,,,,
Top 4,4,0,0,0,'0-0,Kitchener Panthers,Chatham-Kent Barnstormers,"May 17, 2025",,,,,Yadian Martinez,,,,,,,,,,
Top 4,4,0,0,0,'0-0,Kitchener Panthers,Chatham-Kent Barnstormers,"May 17, 2025",,,,,Yadian Martinez,,,,,,,,,,
Top 4,4,0,0,0,'0-0,Kitchener Panthers,Chatham-Kent Barnstormers,"May 17, 2025",,,,,Yadian Martinez,,,,,,,,,,
Top 4,4,0,0,0,'0-0,Kitchener Panthers,Chatham-Kent Barnstormers,"May 17, 2025",,,,,Yadian Martinez,,,,,,,,,,
Top 4,4,0,0,0,'0-0,Kitchener Panthers,Chatham-Kent Barnstormers,"May 17, 2025",,,,,Yadian Martinez,,,,,,,,,,
Top 4,4,0,0,0,'0-0,Kitchener Panthers,Chatham-Kent Barnstormers,"May 17, 2025",,,,,Yadian Martinez,,,,,,,,,,
Top 4,4,0,0,0,'0-0,Kitchener Panthers,Chatham-Kent Barnstormers,"May 17, 2025",,,,,Yadian Martinez,,,,,,,,,,
Top 4,4,0,0,0,'0-0,Kitchener Panthers,Chatham-Kent Barnstormers,"May 17, 2025",,,,,Yadian Martinez,,,,,,,,,,
Top 4,4,0,0,0,'0-0,Kitchener Panthers,Chatham-Kent Barnstormers,"May 17, 2025",,,,,Yadian Martinez,,,,,,,,,,
Top 4,4,0,0,0,'0-0,Kitchener Panthers,Chatham-Kent Barnstormers,"May 17, 2025",,,,,Yadian Martinez,,,,,,,,,,
Top 4,4,0,0,0,'0-0,Kitchener Panthers,Chatham-Kent Barnstormers,"May 17, 2025",,,,,Yadian Martinez,,,,,,,,,,
Top 4,4,0,0,0,'0-0,Kitchener Panthers,Chatham-Kent Barnstormers,"May 17, 2025",,,,,Yadian Martinez,,,,,,,,,,
Top 4,4,0,0,0,'0-0,Kitchener Panthers,Chatham-Kent Barnstormers,"May 17, 2025",,,,,Yadian Martinez,,,,,,,,,,
Top 4,4,0,0,0,'0-0,Kitchener Panthers,Chatham-Kent Barnstormers,"May 17, 2025",,,,,Yadian Martinez,,,,,,,,,,
Top 4,4,0,0,0,'0-0,Kitchener Panthers,Chatham-Kent Barnstormers,"May 17, 2025",,,,,Yadian Martinez,,,,,,,,,,
Top 4,4,0,0,0,'0-0,Kitchener Panthers,Chatham-Kent Barnstormers,"May 17, 2025",,,,,Yadian Martinez,,,,,,,,,,
Top 4,4,0,0,0,'0-0,Kitchener Panthers,Chatham-Kent Barnstormers,"May 17, 2025",,,,,Yadian Martinez,,,,,,,,,,
Top 4,4,0,0,0,'0-0,Kitchener Panthers,Chatham-Kent Barnstormers,"May 17, 2025",,,,,Yadian Martinez,,,,,,,,,,
Top 4,4,0,0,0,'0-0,Kitchener Panthers,Chatham-Kent Barnstormers,"May 17, 2025",,,,,Yadian Martinez,,,,,,,,,,
Top 4,4,0,0,0,'0-0,Kitchener Panthers,Chatham-Kent Barnstormers,"May 17, 2025",,,,,Yadian Martinez,,,,,,,,,,
Top 4,4,0,0,0,'0-0,Kitchener Panthers,Chatham-Kent Barnstormers,"May 17, 2025",,,,,Yadian Martinez,,,,,,,,,,
Top 4,4,0,0,0,'0-0,Kitchener Panthers,Chatham-Kent Barnstormers,"May 17, 2025",,,,,Yadian Martinez,,,,,,,,,,
Top 4,4,0,0,0,'0-0,Kitchener Panthers,Chatham-Kent Barnstormers,"May 17, 2025",,,,,Yadian Martinez,,,,,,,,,,
Top 4,4,0,0,0,'0-0,Kitchener Panthers,Chatham-Kent Barnstormers,"May 17, 2025",,,,,Yadian Martinez,,,,,,,,,,
Top 4,4,0,0,0,'0-0,Kitchener Panthers,Chatham-Kent Barnstormers,"May 17, 2025",,,,,Yadian Martinez,,,,,,,,,,
Top 4,4,0,0,0,'0-0,Kitchener Panthers,Chatham-Kent Barnstormers,"May 17, 2025",,,,,Yadian Martinez,,,,,,,,,,
Top 4,4,0,0,0,'0-0,Kitchener Panthers,Chatham-Kent Barnstormers,"May 17, 2025",,,,,Yadian Martinez,,,,,,,,,,
Top 4,4,0,0,0,'0-0,Kitchener Panthers,Chatham-Kent Barnstormers,"May 17, 2025",,,,,Yadian Martinez,,,,,,,,,,
Top 4,4,0,0,0,'0-0,Kitchener Panthers,Chatham-Kent Barnstormers,"May 17, 2025",,,,,Yadian Martinez,,,,,,,,,,
Top 4,4,0,0,0,'0-0,Kitchener Panthers,Chatham-Kent Barnstormers,"May 17, 2025",,,,,Yadian Martinez,,,,,,,,,,
Top 4,4,0,0,0,'0-0,Kitchener Panthers,Chatham-Kent Barnstormers,"May 17, 2025",,,,,Yadian Martinez,,,,,,,,,,
Top 4,4,0,0,0,'0-0,Kitchener Panthers,Chatham-Kent Barnstormers,"May 17, 2025",,,,,Yadian Martinez,,,,,,,,,,
Top 4,4,0,0,0,'0-0,Kitchener Panthers,Chatham-Kent Barnstormers,"May 17, 2025",,,,,Yadian Martinez,,,,,,,,,,
Top 4,4,0,0,0,'0-0,Kitchener Panthers,Chatham-Kent Barnstormers,"May 17, 2025",,,,,Yadian Martinez,,,,,,,,,,
Top 4,4,0,0,0,'0-0,Kitchener Panthers,Chatham-Kent Barnstormers,"May 17, 2025",,,,,Yadian Martinez,,,,,,,,,,
Top 4,4,0,0,0,'0-0,Kitchener Panthers,Chatham-Kent Barnstormers,"May 17, 2025",,,,,Yadian Martinez,,,,,,,,,,
Top 4,4,0,0,0,'0-0,Kitchener Panthers,Chatham-Kent Barnstormers,"May 17, 2025",,,,,Yadian Martinez,,,,,,,,,,
Top 4,4,0,0,0,'0-0,Kitchener Panthers,Chatham-Kent Barnstormers,"May 17, 2025",,,,,Yadian Martinez,,,,,,,,,,
Top 4,4,0,0,0,'0-0,Kitchener Panthers,Chatham-Kent Barnstormers,"May 17, 2025",,,,,Yadian Martinez,,,,,,,,,,
Top 4,4,0,0,0,'0-0,Kitchener Panthers,Chatham-Kent Barnstormers,"May 17, 2025",,,,,Yadian Martinez,,,,,,,,,,
Top 4,4,0,0,0,'0-0,Kitchener Panthers,Chatham-Kent Barnstormers,"May 17, 2025",,,,,Yadian Martinez,,,,,,,,,,
Top 4,4,0,0,0,'0-0,Kitchener Panthers,Chatham-Kent Barnstormers,"May 17, 2025",,,,,Yadian Martinez,,,,,,,,,,
Top 4,4,0,0,0,'0-0,Kitchener Panthers,Chatham-Kent Barnstormers,"May 17, 2025",,,,,Yadian Martinez,,,,,,,,,,
Top 4,4,0,0,0,'0-0,Kitchener Panthers,Chatham-Kent Barnstormers,"May 17, 2025",,,,,Yadian Martinez,,,,,,,,,,
Top 4,4,0,0,0,'0-0,Kitchener Panthers,Chatham-Kent Barnstormers,"May 17, 2025",,,,,Yadian Martinez,,,,,,,,,,
Top 4,4,0,0,0,'0-0,Kitchener Panthers,Chatham-Kent Barnstormers,"May 17, 2025",,,,,Yadian Martinez,,,,,,,,,,
Top 4,4,0,0,0,'0-0,Kitchener Panthers,Chatham-Kent Barnstormers,"May 17, 2025",,,,,Yadian Martinez,,,,,,,,,,
Top 4,4,0,0,0,'0-0,Kitchener Panthers,Chatham-Kent Barnstormers,"May 17, 2025",,,,,Yadian Martinez,,,,,,,,,,
Top 4,4,0,0,0,'0-0,Kitchener Panthers,Chatham-Kent Barnstormers,"May 17, 2025",,,,,Yadian Martinez,,,,,,,,,,
Top 4,4,0,0,0,'0-0,Kitchener Panthers,Chatham-Kent Barnstormers,"May 17, 2025",,,,,Yadian Martinez,,,,,,,,,,
Top 4,4,0,0,0,'0-0,Kitchener Panthers,Chatham-Kent Barnstormers,"May 17, 2025",,,,,Yadian Martinez,,,,,,,,,,
Top 4,4,0,0,0,'0-0,Kitchener Panthers,Chatham-Kent Barnstormers,"May 17, 2025",,,,,Yadian Martinez,,,,,,,,,,
Top 4,4,0,0,0,'0-0,Kitchener Panthers,Chatham-Kent Barnstormers,"May 17, 2025",,,,,Yadian Martinez,,,,,,,,,,
Top 4,4,0,0,0,'0-0,Kitchener Panthers,Chatham-Kent Barnstormers,"May 17, 2025",,,,,Yadian Martinez,,,,,,,,,,
Top 4,4,0,0,0,'0-0,Kitchener Panthers,Chatham-Kent Barnstormers,"May 17, 2025",,,,,Yadian Martinez,,,,,,,,,,
Top 4,4,0,0,0,'0-0,Kitchener Panthers,Chatham-Kent Barnstormers,"May 17, 2025",,,,,Yadian Martinez,,,,,,,,,,
Top 4,4,0,0,0,'0-0,Kitchener Panthers,Chatham-Kent Barnstormers,"May 17, 2025",,,,,Yadian Martinez,,,,,,,,,,
Top 4,4,0,0,0,'0-0,Kitchener Panthers,Chatham-Kent Barnstormers,"May 17, 2025",,,,,Yadian Martinez,,,,,,,,,,
Top 4,4,0,0,0,'0-0,Kitchener Panthers,Chatham-Kent Barnstormers,"May 17, 2025",,,,,Yadian Martinez,,,,,,,,,,
Top 4,4,0,0,0,'0-0,Kitchener Panthers,Chatham-Kent Barnstormers,"May 17, 2025",,,,,Yadian Martinez,,,,,,,,,,
Top 4,4,0,0,0,'0-0,Kitchener Panthers,Chatham-Kent Barnstormers,"May 17, 2025",,,,,Yadian Martinez,,,,,,,,,,
Top 4,4,0,0,0,'0-0,Kitchener Panthers,Chatham-Kent Barnstormers,"May 17, 2025",,,,,Yadian Martinez,,,,,,,,,,
Top 4,4,0,0,0,'0-0,Kitchener Panthers,Chatham-Kent Barnstormers,"May 17, 2025",,,,,Yadian Martinez,,,,,,,,,,
Top 4,4,0,0,0,'0-0,Kitchener Panthers,Chatham-Kent Barnstormers,"May 17, 2025",,,,,Yadian Martinez,,,,,,,,,,
Top 4,4,0,0,0,'0-0,Kitchener Panthers,Chatham-Kent Barnstormers,"May 17, 2025",,,,,Yadian Martinez,,,,,,,,,,
Top 4,4,0,0,0,'0-0,Kitchener Panthers,Chatham-Kent Barnstormers,"May 17, 2025",,,,,Yadian Martinez,,,,,,,,,,
Top 4,4,0,0,0,'0-0,Kitchener Panthers,Chatham-Kent Barnstormers,"May 17, 2025",,,,,Yadian Martinez,,,,,,,,,,
Top 4,4,0,0,0,'0-0,Kitchener Panthers,Chatham-Kent Barnstormers,"May 17, 2025",,,,,Yadian Martinez,,,,,,,,,,
Top 4,4,0,0,0,'0-0,Kitchener Panthers,Chatham-Kent Barnstormers,"May 17, 2025",,,,,Yadian Martinez,,,,,,,,,,
Top 4,4,0,0,0,'0-0,Kitchener Panthers,Chatham-Kent Barnstormers,"May 17, 2025",,,,,Yadian Martinez,,,,,,,,,,
Top 4,4,0,0,0,'0-0,Kitchener Panthers,Chatham-Kent Barnstormers,"May 17, 2025",,,,,Yadian Martinez,,,,,,,,,,
Top 4,4,0,0,0,'0-0,Kitchener Panthers,Chatham-Kent Barnstormers,"May 17, 2025",,,,,Yadian Martinez,,,,,,,,,,
Top 4,4,0,0,0,'0-0,Kitchener Panthers,Chatham-Kent Barnstormers,"May 17, 2025",,,,,Yadian Martinez,,,,,,,,,,
Top 4,4,0,0,0,'0-0,Kitchener Panthers,Chatham-Kent Barnstormers,"May 17, 2025",,,,,Yadian Martinez,,,,,,,,,,
Top 4,4,0,0,0,'0-0,Kitchener Panthers,Chatham-Kent Barnstormers,"May 17, 2025",,,,,Yadian Martinez,,,,,,,,,,
Top 4,4,0,0,0,'0-0,Kitchener Panthers,Chatham-Kent Barnstormers,"May 17, 2025",,,,,Yadian Martinez,,,,,,,,,,
Top 4,4,0,0,0,'0-0,Kitchener Panthers,Chatham-Kent Barnstormers,"May 17, 2025",,,,,Yadian Martinez,,,,,,,,,,
Top 4,4,0,0,0,'0-0,Kitchener Panthers,Chatham-Kent Barnstormers,"May 17, 2025",,,,,Yadian Martinez,,,,,,,,,,
Top 4,4,0,0,0,'0-0,Kitchener Panthers,Chatham-Kent Barnstormers,"May 17, 2025",,,,,Yadian Martinez,,,,,,,,,,
Top 4,4,0,0,0,'0-0,Kitchener Panthers,Chatham-Kent Barnstormers,"May 17, 2025",,,,,Yadian Martinez,,,,,,,,,,
Top 4,4,0,0,0,'0-0,Kitchener Panthers,Chatham-Kent Barnstormers,"May 17, 2025",,,,,Yadian Martinez,,,,,,,,,,
Top 4,4,0,0,0,'0-0,Kitchener Panthers,Chatham-Kent Barnstormers,"May 17, 2025",,,,,Yadian Martinez,,,,,,,,,,
Top 4,4,0,0,0,'0-0,Kitchener Panthers,Chatham-Kent Barnstormers,"May 17, 2025",,,,,Yadian Martinez,,,,,,,,,,
Top 4,4,0,0,0,'0-0,Kitchener Panthers,Chatham-Kent Barnstormers,"May 17, 2025",,,,,Yadian Martinez,,,,,,,,,,
Top 4,4,0,0,0,'0-0,Kitchener Panthers,Chatham-Kent Barnstormers,"May 17, 2025",,,,,Yadian Martinez,,,,,,,,,,
Top 4,4,0,0,0,'0-0,Kitchener Panthers,Chatham-Kent Barnstormers,"May 17, 2025",,,,,Yadian Martinez,,,,,,,,,,
Top 4,4,0,0,0,'0-0,Kitchener Panthers,Chatham-Kent Barnstormers,"May 17, 2025",,,,,Yadian Martinez,,,,,,,,,,
Top 4,4,0,0,0,'0-0,Kitchener Panthers,Chatham-Kent Barnstormers,"May 17, 2025",,,,,Yadian Martinez,,,,,,,,,,
Top 4,4,0,0,0,'0-0,Kitchener Panthers,Chatham-Kent Barnstormers,"May 17, 2025",,,,,Yadian Martinez,,,,,,,,,,
Top 4,4,0,0,0,'0-0,Kitchener Panthers,Chatham-Kent Barnstormers,"May 17, 2025",,,,,Yadian Martinez,,,,,,,,,,
Top 4,4,0,0,0,'0-0,Kitchener Panthers,Chatham-Kent Barnstormers,"May 17, 2025",,,,,Yadian Martinez,,,,,,,,,,
Top 4,4,0,0,0,'0-0,Kitchener Panthers,Chatham-Kent Barnstormers,"May 17, 2025",,,,,Yadian Martinez,,,,,,,,,,
Top 4,4,0,0,0,'0-0,Kitchener Panthers,Chatham-Kent Barnstormers,"May 17, 2025",,,,,Yadian Martinez,,,,,,,,,,
Top 4,4,0,0,0,'0-0,Kitchener Panthers,Chatham-Kent Barnstormers,"May 17, 2025",,,,,Yadian Martinez,,,,,,,,,,
Top 4,4,0,0,0,'0-0,Kitchener Panthers,Chatham-Kent Barnstormers,"May 17, 2025",,,,,Yadian Martinez,,,,,,,,,,
Top 4,4,0,0,0,'0-0,Kitchener Panthers,Chatham-Kent Barnstormers,"May 17, 2025",,,,,Yadian Martinez,,,,,,,,,,
Top 4,4,0,0,0,'0-0,Kitchener Panthers,Chatham-Kent Barnstormers,"May 17, 2025",,,,,Yadian Martinez,,,,,,,,,,
Top 4,4,0,0,0,'0-0,Kitchener Panthers,Chatham-Kent Barnstormers,"May 17, 2025",,,,,Yadian Martinez,,,,,,,,,,
Top 4,4,0,0,0,'0-0,Kitchener Panthers,Chatham-Kent Barnstormers,"May 17, 2025",,,,,Yadian Martinez,,,,,,,,,,
Top 4,4,0,0,0,'0-0,Kitchener Panthers,Chatham-Kent Barnstormers,"May 17, 2025",,,,,Yadian Martinez,,,,,,,,,,
Top 4,4,0,0,0,'0-0,Kitchener Panthers,Chatham-Kent Barnstormers,"May 17, 2025",,,,,Yadian Martinez,,,,,,,,,,
Top 4,4,0,0,0,'0-0,Kitchener Panthers,Chatham-Kent Barnstormers,"May 17, 2025",,,,,Yadian Martinez,,,,,,,,,,
Top 4,4,0,0,0,'0-0,Kitchener Panthers,Chatham-Kent Barnstormers,"May 17, 2025",,,,,Yadian Martinez,,,,,,,,,,
Top 4,4,0,0,0,'0-0,Kitchener Panthers,Chatham-Kent Barnstormers,"May 17, 2025",,,,,Yadian Martinez,,,,,,,,,,
Top 4,4,0,0,0,'0-0,Kitchener Panthers,Chatham-Kent Barnstormers,"May 17, 2025",,,,,Yadian Martinez,,,,,,,,,,
Top 4,4,0,0,0,'0-0,Kitchener Panthers,Chatham-Kent Barnstormers,"May 17, 2025",,,,,Yadian Martinez,,,,,,,,,,
Top 4,4,0,0,0,'0-0,Kitchener Panthers,Chatham-Kent Barnstormers,"May 17, 2025",,,,,Yadian Martinez,,,,,,,,,,
Top 4,4,0,0,0,'0-0,Kitchener Panthers,Chatham-Kent Barnstormers,"May 17, 2025",,,,,Yadian Martinez,,,,,,,,,,
Top 4,4,0,0,0,'0-0,Kitchener Panthers,Chatham-Kent Barnstormers,"May 17, 2025",,,,,Yadian Martinez,,,,,,,,,,
Top 4,4,0,0,0,'0-0,Kitchener Panthers,Chatham-Kent Barnstormers,"May 17, 2025",,,,,Yadian Martinez,,,,,,,,,,
Top 4,4,0,0,0,'0-0,Kitchener Panthers,Chatham-Kent Barnstormers,"May 17, 2025",,,,,Yadian Martinez,,,,,,,,,,
Top 4,4,0,0,0,'0-0,Kitchener Panthers,Chatham-Kent Barnstormers,"May 17, 2025",,,,,Yadian Martinez,,,,,,,,,,
Top 4,4,0,0,0,'0-0,Kitchener Panthers,Chatham-Kent Barnstormers,"May 17, 2025",,,,,Yadian Martinez,,,,,,,,,,
Top 4,4,0,0,0,'0-0,Kitchener Panthers,Chatham-Kent Barnstormers,"May 17, 2025",,,,,Yadian Martinez,,,,,,,,,,
Top 4,4,0,0,0,'0-0,Kitchener Panthers,Chatham-Kent Barnstormers,"May 17, 2025",,,,,Yadian Martinez,,,,,,,,,,
Top 4,4,0,0,0,'0-0,Kitchener Panthers,Chatham-Kent Barnstormers,"May 17, 2025",,,,,Yadian Martinez,,,,,,,,,,
Top 4,4,0,0,0,'0-0,Kitchener Panthers,Chatham-Kent Barnstormers,"May 17, 2025",,,,,Yadian Martinez,,,,,,,,,,
Top 4,4,0,0,0,'0-0,Kitchener Panthers,Chatham-Kent Barnstormers,"May 17, 2025",,,,,Yadian Martinez,,,,,,,,,,
Top 4,4,0,0,0,'0-0,Kitchener Panthers,Chatham-Kent Barnstormers,"May 17, 2025",,,,,Yadian Martinez,,,,,,,,,,
Top 4,4,0,0,0,'0-0,Kitchener Panthers,Chatham-Kent Barnstormers,"May 17, 2025",,,,,Yadian Martinez,,,,,,,,,,
Top 4,4,0,0,0,'0-0,Kitchener Panthers,Chatham-Kent Barnstormers,"May 17, 2025",,,,,Yadian Martinez,,,,,,,,,,
Top 4,4,0,0,0,'0-0,Kitchener Panthers,Chatham-Kent Barnstormers,"May 17, 2025",,,,,Yadian Martinez,,,,,,,,,,
Top 4,4,0,0,0,'0-0,Kitchener Panthers,Chatham-Kent Barnstormers,"May 17, 2025",,,,,Yadian Martinez,,,,,,,,,,
Top 4,4,0,0,0,'0-0,Kitchener Panthers,Chatham-Kent Barnstormers,"May 17, 2025",,,,,Yadian Martinez,,,,,,,,,,
Top 4,4,0,0,0,'0-0,Kitchener Panthers,Chatham-Kent Barnstormers,"May 17, 2025",,,,,Yadian Martinez,,,,,,,,,,
Top 4,4,0,0,0,'0-0,Kitchener Panthers,Chatham-Kent Barnstormers,"May 17, 2025",,,,,Yadian Martinez,,,,,,,,,,
Top 4,4,0,0,0,'0-0,Kitchener Panthers,Chatham-Kent Barnstormers,"May 17, 2025",,,,,Yadian Martinez,,,,,,,,,,
Top 4,4,0,0,0,'0-0,Kitchener Panthers,Chatham-Kent Barnstormers,"May 17, 2025",,,,,Yadian Martinez,,,,,,,,,,
Top 4,4,0,0,0,'0-0,Kitchener Panthers,Chatham-Kent Barnstormers,"May 17, 2025",,,,,Yadian Martinez,,,,,,,,,,
Top 4,4,0,0,0,'0-0,Kitchener Panthers,Chatham-Kent Barnstormers,"May 17, 2025",,,,,Yadian Martinez,,,,,,,,,,
Top 4,4,0,0,0,'0-0,Kitchener Panthers,Chatham-Kent Barnstormers,"May 17, 2025",,,,,Yadian Martinez,,,,,,,,,,
Top 4,4,0,0,0,'0-0,Kitchener Panthers,Chatham-Kent Barnstormers,"May 17, 2025",,,,,Yadian Martinez,,,,,,,,,,
Top 4,4,0,0,0,'0-0,Kitchener Panthers,Chatham-Kent Barnstormers,"May 17, 2025",,,,,Yadian Martinez,,,,,,,,,,
Top 4,4,0,0,0,'0-0,Kitchener Panthers,Chatham-Kent Barnstormers,"May 17, 2025",,,,,Yadian Martinez,,,,,,,,,,
Top 4,4,0,0,0,'0-0,Kitchener Panthers,Chatham-Kent Barnstormers,"May 17, 2025",,,,,Yadian Martinez,,,,,,,,,,
Top 4,4,0,0,0,'0-0,Kitchener Panthers,Chatham-Kent Barnstormers,"May 17, 2025",,,,,Yadian Martinez,,,,,,,,,,
Top 4,4,0,0,0,'0-0,Kitchener Panthers,Chatham-Kent Barnstormers,"May 17, 2025",,,,,Yadian Martinez,,,,,,,,,,
Top 4,4,0,0,0,'0-0,Kitchener Panthers,Chatham-Kent Barnstormers,"May 17, 2025",,,,,Yadian Martinez,,,,,,,,,,
Top 4,4,0,0,0,'0-0,Kitchener Panthers,Chatham-Kent Barnstormers,"May 17, 2025",,,,,Yadian Martinez,,,,,,,,,,
Top 4,4,0,0,0,'0-0,Kitchener Panthers,Chatham-Kent Barnstormers,"May 17, 2025",,,,,Yadian Martinez,,,,,,,,,,
Top 4,4,0,0,0,'0-0,Kitchener Panthers,Chatham-Kent Barnstormers,"May 17, 2025",,,,,Yadian Martinez,,,,,,,,,,
Top 4,4,0,0,0,'0-0,Kitchener Panthers,Chatham-Kent Barnstormers,"May 17, 2025",,,,,Yadian Martinez,,,,,,,,,,
Top 4,4,0,0,0,'0-0,Kitchener Panthers,Chatham-Kent Barnstormers,"May 17, 2025",,,,,Yadian Martinez,,,,,,,,,,
Top 4,4,0,0,0,'0-0,Kitchener Panthers,Chatham-Kent Barnstormers,"May 17, 2025",,,,,Yadian Martinez,,,,,,,,,,
Top 4,4,0,0,0,'0-0,Kitchener Panthers,Chatham-Kent Barnstormers,"May 17, 2025",,,,,Yadian Martinez,,,,,,,,,,
Top 4,4,0,0,0,'0-0,Kitchener Panthers,Chatham-Kent Barnstormers,"May 17, 2025",,,,,Yadian Martinez,,,,,,,,,,
Top 4,4,0,0,0,'0-0,Kitchener Panthers,Chatham-Kent Barnstormers,"May 17, 2025",,,,,Yadian Martinez,,,,,,,,,,
Top 4,4,0,0,0,'0-0,Kitchener Panthers,Chatham-Kent Barnstormers,"May 17, 2025",,,,,Yadian Martinez,,,,,,,,,,
Top 4,4,0,0,0,'0-0,Kitchener Panthers,Chatham-Kent Barnstormers,"May 17, 2025",,,,,Yadian Martinez,,,,,,,,,,
Top 4,4,0,0,0,'0-0,Kitchener Panthers,Chatham-Kent Barnstormers,"May 17, 2025",,,,,Yadian Martinez,,,,,,,,,,
Top 4,4,0,0,0,'0-0,Kitchener Panthers,Chatham-Kent Barnstormers,"May 17, 2025",,,,,Yadian Martinez,,,,,,,,,,
Top 4,4,0,0,0,'0-0,Kitchener Panthers,Chatham-Kent Barnstormers,"May 17, 2025",,,,,Yadian Martinez,,,,,,,,,,
Top 4,4,0,0,0,'0-0,Kitchener Panthers,Chatham-Kent Barnstormers,"May 17, 2025",,,,,Yadian Martinez,,,,,,,,,,
Top 4,4,0,0,0,'0-0,Kitchener Panthers,Chatham-Kent Barnstormers,"May 17, 2025",,,,,Yadian Martinez,,,,,,,,,,
Top 4,4,0,0,0,'0-0,Kitchener Panthers,Chatham-Kent Barnstormers,"May 17, 2025",,,,,Yadian Martinez,,,,,,,,,,
Top 4,4,0,0,0,'0-0,Kitchener Panthers,Chatham-Kent Barnstormers,"May 17, 2025",,,,,Yadian Martinez,,,,,,,,,,
Top 4,4,0,0,0,'0-0,Kitchener Panthers,Chatham-Kent Barnstormers,"May 17, 2025",,,,,Yadian Martinez,,,,,,,,,,
Top 4,4,0,0,0,'0-0,Kitchener Panthers,Chatham-Kent Barnstormers,"May 17, 2025",,,,,Yadian Martinez,,,,,,,,,,
Top 4,4,0,0,0,'0-0,Kitchener Panthers,Chatham-Kent Barnstormers,"May 17, 2025",,,,,Yadian Martinez,,,,,,,,,,
Top 4,4,0,0,0,'0-0,Kitchener Panthers,Chatham-Kent Barnstormers,"May 17, 2025",,,,,Yadian Martinez,,,,,,,,,,
Top 4,4,0,0,0,'0-0,Kitchener Panthers,Chatham-Kent Barnstormers,"May 17, 2025",,,,,Yadian Martinez,,,,,,,,,,
Top 4,4,0,0,0,'0-0,Kitchener Panthers,Chatham-Kent Barnstormers,"May 17, 2025",,,,,Yadian Martinez,,,,,,,,,,
Top 4,4,0,0,0,'0-0,Kitchener Panthers,Chatham-Kent Barnstormers,"May 17, 2025",,,,,Yadian Martinez,,,,,,,,,,
Top 4,4,0,0,0,'0-0,Kitchener Panthers,Chatham-Kent Barnstormers,"May 17, 2025",,,,,Yadian Martinez,,,,,,,,,,
Top 4,4,0,0,0,'0-0,Kitchener Panthers,Chatham-Kent Barnstormers,"May 17, 2025",,,,,Yadian Martinez,,,,,,,,,,
Top 4,4,0,0,0,'0-0,Kitchener Panthers,Chatham-Kent Barnstormers,"May 17, 2025",,,,,Yadian Martinez,,,,,,,,,,
Top 4,4,0,0,0,'0-0,Kitchener Panthers,Chatham-Kent Barnstormers,"May 17, 2025",,,,,Yadian Martinez,,,,,,,,,,
Top 4,4,0,0,0,'0-0,Kitchener Panthers,Chatham-Kent Barnstormers,"May 17, 2025",,,,,Yadian Martinez,,,,,,,,,,
Top 4,4,0,0,0,'0-0,Kitchener Panthers,Chatham-Kent Barnstormers,"May 17, 2025",,,,,Yadian Martinez,,,,,,,,,,
Top 4,4,0,0,0,'0-0,Kitchener Panthers,Chatham-Kent Barnstormers,"May 17, 2025",,,,,Yadian Martinez,,,,,,,,,,
Top 4,4,0,0,0,'0-0,Kitchener Panthers,Chatham-Kent Barnstormers,"May 17, 2025",,,,,Yadian Martinez,,,,,,,,,,
Top 4,4,0,0,0,'0-0,Kitchener Panthers,Chatham-Kent Barnstormers,"May 17, 2025",,,,,Yadian Martinez,,,,,,,,,,
Top 4,4,0,0,0,'0-0,Kitchener Panthers,Chatham-Kent Barnstormers,"May 17, 2025",,,,,Yadian Martinez,,,,,,,,,,
Top 4,4,0,0,0,'0-0,Kitchener Panthers,Chatham-Kent Barnstormers,"May 17, 2025",,,,,Yadian Martinez,,,,,,,,,,
Top 4,4,0,0,0,'0-0,Kitchener Panthers,Chatham-Kent Barnstormers,"May 17, 2025",,,,,Yadian Martinez,,,,,,,,,,
Top 4,4,0,0,0,'0-0,Kitchener Panthers,Chatham-Kent Barnstormers,"May 17, 2025",,,,,Yadian Martinez,,,,,,,,,,
Top 4,4,0,0,0,'0-0,Kitchener Panthers,Chatham-Kent Barnstormers,"May 17, 2025",,,,,Yadian Martinez,,,,,,,,,,
Top 4,4,0,0,0,'0-0,Kitchener Panthers,Chatham-Kent Barnstormers,"May 17, 2025",,,,,Yadian Martinez,,,,,,,,,,
Top 4,4,0,0,0,'0-0,Kitchener Panthers,Chatham-Kent Barnstormers,"May 17, 2025",,,,,Yadian Martinez,,,,,,,,,,
Top 4,4,0,0,0,'0-0,Kitchener Panthers,Chatham-Kent Barnstormers,"May 17, 2025",,,,,Yadian Martinez,,,,,,,,,,
Top 4,4,0,0,0,'0-0,Kitchener Panthers,Chatham-Kent Barnstormers,"May 17, 2025",,,,,Yadian Martinez,,,,,,,,,,
Top 4,4,0,0,0,'0-0,Kitchener Panthers,Chatham-Kent Barnstormers,"May 17, 2025",,,,,Yadian Martinez,,,,,,,,,,
Top 4,4,0,0,0,'0-0,Kitchener Panthers,Chatham-Kent Barnstormers,"May 17, 2025",,,,,Yadian Martinez,,,,,,,,,,
Top 4,4,0,0,0,'0-0,Kitchener Panthers,Chatham-Kent Barnstormers,"May 17, 2025",,,,,Yadian Martinez,,,,,,,,,,
Top 4,4,0,0,0,'0-0,Kitchener Panthers,Chatham-Kent Barnstormers,"May 17, 2025",,,,,Yadian Martinez,,,,,,,,,,
Top 4,4,0,0,0,'0-0,Kitchener Panthers,Chatham-Kent Barnstormers,"May 17, 2025",,,,,Yadian Martinez,,,,,,,,,,
Top 4,4,0,0,0,'0-0,Kitchener Panthers,Chatham-Kent Barnstormers,"May 17, 2025",,,,,Yadian Martinez,,,,,,,,,,
Top 4,4,0,0,0,'0-0,Kitchener Panthers,Chatham-Kent Barnstormers,"May 17, 2025",,,,,Yadian Martinez,,,,,,,,,,
Top 4,4,0,0,0,'0-0,Kitchener Panthers,Chatham-Kent Barnstormers,"May 17, 2025",,,,,Yadian Martinez,,,,,,,,,,
Top 4,4,0,0,0,'0-0,Kitchener Panthers,Chatham-Kent Barnstormers,"May 17, 2025",,,,,Yadian Martinez,,,,,,,,,,
Top 4,4,0,0,0,'0-0,Kitchener Panthers,Chatham-Kent Barnstormers,"May 17, 2025",,,,,Yadian Martinez,,,,,,,,,,
Top 4,4,0,0,0,'0-0,Kitchener Panthers,Chatham-Kent Barnstormers,"May 17, 2025",,,,,Yadian Martinez,,,,,,,,,,
Top 4,4,0,0,0,'0-0,Kitchener Panthers,Chatham-Kent Barnstormers,"May 17, 2025",,,,,Yadian Martinez,,,,,,,,,,
Top 4,4,0,0,0,'0-0,Kitchener Panthers,Chatham-Kent Barnstormers,"May 17, 2025",,,,,Yadian Martinez,,,,,,,,,,
Top 4,4,0,0,0,'0-0,Kitchener Panthers,Chatham-Kent Barnstormers,"May 17, 2025",,,,,Yadian Martinez,,,,,,,,,,
Top 4,4,0,0,0,'0-0,Kitchener Panthers,Chatham-Kent Barnstormers,"May 17, 2025",,,,,Yadian Martinez,,,,,,,,,,
Top 4,4,0,0,0,'0-0,Kitchener Panthers,Chatham-Kent Barnstormers,"May 17, 2025",,,,,Yadian Martinez,,,,,,,,,,
Top 4,4,0,0,0,'0-0,Kitchener Panthers,Chatham-Kent Barnstormers,"May 17, 2025",,,,,Yadian Martinez,,,,,,,,,,
Top 4,4,0,0,0,'0-0,Kitchener Panthers,Chatham-Kent Barnstormers,"May 17, 2025",,,,,Yadian Martinez,,,,,,,,,,
Top 4,4,0,0,0,'0-0,Kitchener Panthers,Chatham-Kent Barnstormers,"May 17, 2025",,,,,Yadian Martinez,,,,,,,,,,
Top 4,4,0,0,0,'0-0,Kitchener Panthers,Chatham-Kent Barnstormers,"May 17, 2025",,,,,Yadian Martinez,,,,,,,,,,
Top 4,4,0,0,0,'0-0,Kitchener Panthers,Chatham-Kent Barnstormers,"May 17, 2025",,,,,Yadian Martinez,,,,,,,,,,
Top 4,4,0,0,0,'0-0,Kitchener Panthers,Chatham-Kent Barnstormers,"May 17, 2025",,,,,Yadian Martinez,,,,,,,,,,
Top 4,4,0,0,0,'0-0,Kitchener Panthers,Chatham-Kent Barnstormers,"May 17, 2025",,,,,Yadian Martinez,,,,,,,,,,
Top 4,4,0,0,0,'0-0,Kitchener Panthers,Chatham-Kent Barnstormers,"May 17, 2025",,,,,Yadian Martinez,,,,,,,,,,
Top 4,4,0,0,0,'0-0,Kitchener Panthers,Chatham-Kent Barnstormers,"May 17, 2025",,,,,Yadian Martinez,,,,,,,,,,
Top 4,4,0,0,0,'0-0,Kitchener Panthers,Chatham-Kent Barnstormers,"May 17, 2025",,,,,Yadian Martinez,,,,,,,,,,
Top 4,4,0,0,0,'0-0,Kitchener Panthers,Chatham-Kent Barnstormers,"May 17, 2025",,,,,Yadian Martinez,,,,,,,,,,
Top 4,4,0,0,0,'0-0,Kitchener Panthers,Chatham-Kent Barnstormers,"May 17, 2025",,,,,Yadian Martinez,,,,,,,,,,
Top 4,4,0,0,0,'0-0,Kitchener Panthers,Chatham-Kent Barnstormers,"May 17, 2025",,,,,Yadian Martinez,,,,,,,,,,
Top 4,4,0,0,0,'0-0,Kitchener Panthers,Chatham-Kent Barnstormers,"May 17, 2025",,,,,Yadian Martinez,,,,,,,,,,
Top 4,4,0,0,0,'0-0,Kitchener Panthers,Chatham-Kent Barnstormers,"May 17, 2025",,,,,Yadian Martinez,,,,,,,,,,
Top 4,4,0,0,0,'0-0,Kitchener Panthers,Chatham-Kent Barnstormers,"May 17, 2025",,,,,Yadian Martinez,,,,,,,,,,
Top 4,4,0,0,0,'0-0,Kitchener Panthers,Chatham-Kent Barnstormers,"May 17, 2025",,,,,Yadian Martinez,,,,,,,,,,
Top 4,4,0,0,0,'0-0,Kitchener Panthers,Chatham-Kent Barnstormers,"May 17, 2025",,,,,Yadian Martinez,,,,,,,,,,
Top 4,4,0,0,0,'0-0,Kitchener Panthers,Chatham-Kent Barnstormers,"May 17, 2025",,,,,Yadian Martinez,,,,,,,,,,
Top 4,4,0,0,0,'0-0,Kitchener Panthers,Chatham-Kent Barnstormers,"May 17, 2025",,,,,Yadian Martinez,,,,,,,,,,
Top 4,4,0,0,0,'0-0,Kitchener Panthers,Chatham-Kent Barnstormers,"May 17, 2025",,,,,Yadian Martinez,,,,,,,,,,
Top 4,4,0,0,0,'0-0,Kitchener Panthers,Chatham-Kent Barnstormers,"May 17, 2025",,,,,Yadian Martinez,,,,,,,,,,
Top 4,4,0,0,0,'0-0,Kitchener Panthers,Chatham-Kent Barnstormers,"May 17, 2025",,,,,Yadian Martinez,,,,,,,,,,
Top 4,4,0,0,0,'0-0,Kitchener Panthers,Chatham-Kent Barnstormers,"May 17, 2025",,,,,Yadian Martinez,,,,,,,,,,
Top 4,4,0,0,0,'0-0,Kitchener Panthers,Chatham-Kent Barnstormers,"May 17, 2025",,,,,Yadian Martinez,,,,,,,,,,
Top 4,4,0,0,0,'0-0,Kitchener Panthers,Chatham-Kent Barnstormers,"May 17, 2025",,,,,Yadian Martinez,,,,,,,,,,
Top 4,4,0,0,0,'0-0,Kitchener Panthers,Chatham-Kent Barnstormers,"May 17, 2025",,,,,Yadian Martinez,,,,,,,,,,
Top 4,4,0,0,0,'0-0,Kitchener Panthers,Chatham-Kent Barnstormers,"May 17, 2025",,,,,Yadian Martinez,,,,,,,,,,
Top 4,4,0,0,0,'0-0,Kitchener Panthers,Chatham-Kent Barnstormers,"May 17, 2025",,,,,Yadian Martinez,,,,,,,,,,
Top 4,4,0,0,0,'0-0,Kitchener Panthers,Chatham-Kent Barnstormers,"May 17, 2025",,,,,Yadian Martinez,,,,,,,,,,
Top 4,4,0,0,0,'0-0,Kitchener Panthers,Chatham-Kent Barnstormers,"May 17, 2025",,,,,Yadian Martinez,,,,,,,,,,
Top 4,4,0,0,0,'0-0,Kitchener Panthers,Chatham-Kent Barnstormers,"May 17, 2025",,,,,Yadian Martinez,,,,,,,,,,
Top 4,4,0,0,0,'0-0,Kitchener Panthers,Chatham-Kent Barnstormers,"May 17, 2025",,,,,Yadian Martinez,,,,,,,,,,
Top 4,4,0,0,0,'0-0,Kitchener Panthers,Chatham-Kent Barnstormers,"May 17, 2025",,,,,Yadian Martinez,,,,,,,,,,
Top 4,4,0,0,0,'0-0,Kitchener Panthers,Chatham-Kent Barnstormers,"May 17, 2025",,,,,Yadian Martinez,,,,,,,,,,
Top 4,4,0,0,0,'0-0,Kitchener Panthers,Chatham-Kent Barnstormers,"May 17, 2025",,,,,Yadian Martinez,,,,,,,,,,
Top 4,4,0,0,0,'0-0,Kitchener Panthers,Chatham-Kent Barnstormers,"May 17, 2025",,,,,Yadian Martinez,,,,,,,,,,
Top 4,4,0,0,0,'0-0,Kitchener Panthers,Chatham-Kent Barnstormers,"May 17, 2025",,,,,Yadian Martinez,,,,,,,,,,
Top 4,4,0,0,0,'0-0,Kitchener Panthers,Chatham-Kent Barnstormers,"May 17, 2025",,,,,Yadian Martinez,,,,,,,,,,
Top 4,4,0,0,0,'0-0,Kitchener Panthers,Chatham-Kent Barnstormers,"May 17, 2025",,,,,Yadian Martinez,,,,,,,,,,
Top 4,4,0,0,0,'0-0,Kitchener Panthers,Chatham-Kent Barnstormers,"May 17, 2025",,,,,Yadian Martinez,,,,,,,,,,
Top 4,4,0,0,0,'0-0,Kitchener Panthers,Chatham-Kent Barnstormers,"May 17, 2025",,,,,Yadian Martinez,,,,,,,,,,
Top 4,4,0,0,0,'0-0,Kitchener Panthers,Chatham-Kent Barnstormers,"May 17, 2025",,,,,Yadian Martinez,,,,,,,,,,
Top 4,4,0,0,0,'0-0,Kitchener Panthers,Chatham-Kent Barnstormers,"May 17, 2025",,,,,Yadian Martinez,,,,,,,,,,
Top 4,4,0,0,0,'0-0,Kitchener Panthers,Chatham-Kent Barnstormers,"May 17, 2025",,,,,Yadian Martinez,,,,,,,,,,
Top 4,4,0,0,0,'0-0,Kitchener Panthers,Chatham-Kent Barnstormers,"May 17, 2025",,,,,Yadian Martinez,,,,,,,,,,
Top 4,4,0,0,0,'0-0,Kitchener Panthers,Chatham-Kent Barnstormers,"May 17, 2025",,,,,Yadian Martinez,,,,,,,,,,
Top 4,4,0,0,0,'0-0,Kitchener Panthers,Chatham-Kent Barnstormers,"May 17, 2025",,,,,Yadian Martinez,,,,,,,,,,
Top 4,4,0,0,0,'0-0,Kitchener Panthers,Chatham-Kent Barnstormers,"May 17, 2025",,,,,Yadian Martinez,,,,,,,,,,
Top 4,4,0,0,0,'0-0,Kitchener Panthers,Chatham-Kent Barnstormers,"May 17, 2025",,,,,Yadian Martinez,,,,,,,,,,
Top 4,4,0,0,0,'0-0,Kitchener Panthers,Chatham-Kent Barnstormers,"May 17, 2025",,,,,Yadian Martinez,,,,,,,,,,
Top 4,4,0,0,0,'0-0,Kitchener Panthers,Chatham-Kent Barnstormers,"May 17, 2025",,,,,Yadian Martinez,,,,,,,,,,
Top 4,4,0,0,0,'0-0,Kitchener Panthers,Chatham-Kent Barnstormers,"May 17, 2025",,,,,Yadian Martinez,,,,,,,,,,
Top 4,4,0,0,0,'0-0,Kitchener Panthers,Chatham-Kent Barnstormers,"May 17, 2025",,,,,Yadian Martinez,,,,,,,,,,
Top 4,4,0,0,0,'0-0,Kitchener Panthers,Chatham-Kent Barnstormers,"May 17, 2025",,,,,Yadian Martinez,,,,,,,,,,
Top 4,4,0,0,0,'0-0,Kitchener Panthers,Chatham-Kent Barnstormers,"May 17, 2025",,,,,Yadian Martinez,,,,,,,,,,
Top 4,4,0,0,0,'0-0,Kitchener Panthers,Chatham-Kent Barnstormers,"May 17, 2025",,,,,Yadian Martinez,,,,,,,,,,
Top 4,4,0,0,0,'0-0,Kitchener Panthers,Chatham-Kent Barnstormers,"May 17, 2025",,,,,Yadian Martinez,,,,,,,,,,
Top 4,4,0,0,0,'0-0,Kitchener Panthers,Chatham-Kent Barnstormers,"May 17, 2025",,,,,Yadian Martinez,,,,,,,,,,
Top 4,4,0,0,0,'0-0,Kitchener Panthers,Chatham-Kent Barnstormers,"May 17, 2025",,,,,Yadian Martinez,,,,,,,,,,
Top 4,4,0,0,0,'0-0,Kitchener Panthers,Chatham-Kent Barnstormers,"May 17, 2025",,,,,Yadian Martinez,,,,,,,,,,
Top 4,4,0,0,0,'0-0,Kitchener Panthers,Chatham-Kent Barnstormers,"May 17, 2025",,,,,Yadian Martinez,,,,,,,,,,
Top 4,4,0,0,0,'0-0,Kitchener Panthers,Chatham-Kent Barnstormers,"May 17, 2025",,,,,Yadian Martinez,,,,,,,,,,
Top 4,4,0,0,0,'0-0,Kitchener Panthers,Chatham-Kent Barnstormers,"May 17, 2025",,,,,Yadian Martinez,,,,,,,,,,
Top 4,4,0,0,0,'0-0,Kitchener Panthers,Chatham-Kent Barnstormers,"May 17, 2025",,,,,Yadian Martinez,,,,,,,,,,
Top 4,4,0,0,0,'0-0,Kitchener Panthers,Chatham-Kent Barnstormers,"May 17, 2025",,,,,Yadian Martinez,,,,,,,,,,
Top 4,4,0,0,0,'0-0,Kitchener Panthers,Chatham-Kent Barnstormers,"May 17, 2025",,,,,Yadian Martinez,,,,,,,,,,
Top 4,4,0,0,0,'0-0,Kitchener Panthers,Chatham-Kent Barnstormers,"May 17, 2025",,,,,Yadian Martinez,,,,,,,,,,
Top 4,4,0,0,0,'0-0,Kitchener Panthers,Chatham-Kent Barnstormers,"May 17, 2025",,,,,Yadian Martinez,,,,,,,,,,
Top 4,4,0,0,0,'0-0,Kitchener Panthers,Chatham-Kent Barnstormers,"May 17, 2025",,,,,Yadian Martinez,,,,,,,,,,
Top 4,4,0,0,0,'0-0,Kitchener Panthers,Chatham-Kent Barnstormers,"May 17, 2025",,,,,Yadian Martinez,,,,,,,,,,
Top 4,4,0,0,0,'0-0,Kitchener Panthers,Chatham-Kent Barnstormers,"May 17, 2025",,,,,Yadian Martinez,,,,,,,,,,
Top 4,4,0,0,0,'0-0,Kitchener Panthers,Chatham-Kent Barnstormers,"May 17, 2025",,,,,Yadian Martinez,,,,,,,,,,
Top 4,4,0,0,0,'0-0,Kitchener Panthers,Chatham-Kent Barnstormers,"May 17, 2025",,,,,Yadian Martinez,,,,,,,,,,
Top 4,4,0,0,0,'0-0,Kitchener Panthers,Chatham-Kent Barnstormers,"May 17, 2025",,,,,Yadian Martinez,,,,,,,,,,
Top 4,4,0,0,0,'0-0,Kitchener Panthers,Chatham-Kent Barnstormers,"May 17, 2025",,,,,Yadian Martinez,,,,,,,,,,
Top 4,4,0,0,0,'0-0,Kitchener Panthers,Chatham-Kent Barnstormers,"May 17, 2025",,,,,Yadian Martinez,,,,,,,,,,
Top 4,4,0,0,0,'0-0,Kitchener Panthers,Chatham-Kent Barnstormers,"May 17, 2025",,,,,Yadian Martinez,,,,,,,,,,
Top 4,4,0,0,0,'0-0,Kitchener Panthers,Chatham-Kent Barnstormers,"May 17, 2025",,,,,Yadian Martinez,,,,,,,,,,
Top 4,4,0,0,0,'0-0,Kitchener Panthers,Chatham-Kent Barnstormers,"May 17, 2025",,,,,Yadian Martinez,,,,,,,,,,
Top 4,4,0,0,0,'0-0,Kitchener Panthers,Chatham-Kent Barnstormers,"May 17, 2025",,,,,Yadian Martinez,,,,,,,,,,
Top 4,4,0,0,0,'0-0,Kitchener Panthers,Chatham-Kent Barnstormers,"May 17, 2025",,,,,Yadian Martinez,,,,,,,,,,
Top 4,4,0,0,0,'0-0,Kitchener Panthers,Chatham-Kent Barnstormers,"May 17, 2025",,,,,Yadian Martinez,,,,,,,,,,
Top 4,4,0,0,0,'0-0,Kitchener Panthers,Chatham-Kent Barnstormers,"May 17, 2025",,,,,Yadian Martinez,,,,,,,,,,
Top 4,4,0,0,0,'0-0,Kitchener Panthers,Chatham-Kent Barnstormers,"May 17, 2025",,,,,Yadian Martinez,,,,,,,,,,
Top 4,4,0,0,0,'0-0,Kitchener Panthers,Chatham-Kent Barnstormers,"May 17, 2025",,,,,Yadian Martinez,,,,,,,,,,
Top 4,4,0,0,0,'0-0,Kitchener Panthers,Chatham-Kent Barnstormers,"May 17, 2025",,,,,Yadian Martinez,,,,,,,,,,
Top 4,4,0,0,0,'0-0,Kitchener Panthers,Chatham-Kent Barnstormers,"May 17, 2025",,,,,Yadian Martinez,,,,,,,,,,
Top 4,4,0,0,0,'0-0,Kitchener Panthers,Chatham-Kent Barnstormers,"May 17, 2025",,,,,Yadian Martinez,,,,,,,,,,
Top 4,4,0,0,0,'0-0,Kitchener Panthers,Chatham-Kent Barnstormers,"May 17, 2025",,,,,Yadian Martinez,,,,,,,,,,
Top 4,4,0,0,0,'0-0,Kitchener Panthers,Chatham-Kent Barnstormers,"May 17, 2025",,,,,Yadian Martinez,,,,,,,,,,
Top 4,4,0,0,0,'0-0,Kitchener Panthers,Chatham-Kent Barnstormers,"May 17, 2025",,,,,Yadian Martinez,,,,,,,,,,
Top 4,4,0,0,0,'0-0,Kitchener Panthers,Chatham-Kent Barnstormers,"May 17, 2025",,,,,Yadian Martinez,,,,,,,,,,
Top 4,4,0,0,0,'0-0,Kitchener Panthers,Chatham-Kent Barnstormers,"May 17, 2025",,,,,Yadian Martinez,,,,,,,,,,
Top 4,4,0,0,0,'0-0,Kitchener Panthers,Chatham-Kent Barnstormers,"May 17, 2025",,,,,Yadian Martinez,,,,,,,,,,
Top 4,4,0,0,0,'0-0,Kitchener Panthers,Chatham-Kent Barnstormers,"May 17, 2025",,,,,Yadian Martinez,,,,,,,,,,
Top 4,4,0,0,0,'0-0,Kitchener Panthers,Chatham-Kent Barnstormers,"May 17, 2025",,,,,Yadian Martinez,,,,,,,,,,
Top 4,4,0,0,0,'0-0,Kitchener Panthers,Chatham-Kent Barnstormers,"May 17, 2025",,,,,Yadian Martinez,,,,,,,,,,
Top 4,4,0,0,0,'0-0,Kitchener Panthers,Chatham-Kent Barnstormers,"May 17, 2025",,,,,Yadian Martinez,,,,,,,,,,
Top 4,4,0,0,0,'0-0,Kitchener Panthers,Chatham-Kent Barnstormers,"May 17, 2025",,,,,Yadian Martinez,,,,,,,,,,
Top 4,4,0,0,0,'0-0,Kitchener Panthers,Chatham-Kent Barnstormers,"May 17, 2025",,,,,Yadian Martinez,,,,,,,,,,
Top 4,4,0,0,0,'0-0,Kitchener Panthers,Chatham-Kent Barnstormers,"May 17, 2025",,,,,Yadian Martinez,,,,,,,,,,
Top 4,4,0,0,0,'0-0,Kitchener Panthers,Chatham-Kent Barnstormers,"May 17, 2025",,,,,Yadian Martinez,,,,,,,,,,
Top 4,4,0,0,0,'0-0,Kitchener Panthers,Chatham-Kent Barnstormers,"May 17, 2025",,,,,Yadian Martinez,,,,,,,,,,
Top 4,4,0,0,0,'0-0,Kitchener Panthers,Chatham-Kent Barnstormers,"May 17, 2025",,,,,Yadian Martinez,,,,,,,,,,
Top 4,4,0,0,0,'0-0,Kitchener Panthers,Chatham-Kent Barnstormers,"May 17, 2025",,,,,Yadian Martinez,,,,,,,,,,
Top 4,4,0,0,0,'0-0,Kitchener Panthers,Chatham-Kent Barnstormers,"May 17, 2025",,,,,Yadian Martinez,,,,,,,,,,
Top 4,4,0,0,0,'0-0,Kitchener Panthers,Chatham-Kent Barnstormers,"May 17, 2025",,,,,Yadian Martinez,,,,,,,,,,
Top 4,4,0,0,0,'0-0,Kitchener Panthers,Chatham-Kent Barnstormers,"May 17, 2025",,,,,Yadian Martinez,,,,,,,,,,
Top 4,4,0,0,0,'0-0,Kitchener Panthers,Chatham-Kent Barnstormers,"May 17, 2025",,,,,Yadian Martinez,,,,,,,,,,
Top 4,4,0,0,0,'0-0,Kitchener Panthers,Chatham-Kent Barnstormers,"May 17, 2025",,,,,Yadian Martinez,,,,,,,,,,
Top 4,4,0,0,0,'0-0,Kitchener Panthers,Chatham-Kent Barnstormers,"May 17, 2025",,,,,Yadian Martinez,,,,,,,,,,
Top 4,4,0,0,0,'0-0,Kitchener Panthers,Chatham-Kent Barnstormers,"May 17, 2025",,,,,Yadian Martinez,,,,,,,,,,
Top 4,4,0,0,0,'0-0,Kitchener Panthers,Chatham-Kent Barnstormers,"May 17, 2025",,,,,Yadian Martinez,,,,,,,,,,
Top 4,4,0,0,0,'0-0,Kitchener Panthers,Chatham-Kent Barnstormers,"May 17, 2025",,,,,Yadian Martinez,,,,,,,,,,
Top 4,4,0,0,0,'0-0,Kitchener Panthers,Chatham-Kent Barnstormers,"May 17, 2025",,,,,Yadian Martinez,,,,,,,,,,
Top 4,4,0,0,0,'0-0,Kitchener Panthers,Chatham-Kent Barnstormers,"May 17, 2025",,,,,Yadian Martinez,,,,,,,,,,
Top 4,4,0,0,0,'0-0,Kitchener Panthers,Chatham-Kent Barnstormers,"May 17, 2025",,,,,Yadian Martinez,,,,,,,,,,
Top 4,4,0,0,0,'0-0,Kitchener Panthers,Chatham-Kent Barnstormers,"May 17, 2025",,,,,Yadian Martinez,,,,,,,,,,
Top 4,4,0,0,0,'0-0,Kitchener Panthers,Chatham-Kent Barnstormers,"May 17, 2025",,,,,Yadian Martinez,,,,,,,,,,
Top 4,4,0,0,0,'0-0,Kitchener Panthers,Chatham-Kent Barnstormers,"May 17, 2025",,,,,Yadian Martinez,,,,,,,,,,
Top 4,4,0,0,0,'0-0,Kitchener Panthers,Chatham-Kent Barnstormers,"May 17, 2025",,,,,Yadian Martinez,,,,,,,,,,
Top 4,4,0,0,0,'0-0,Kitchener Panthers,Chatham-Kent Barnstormers,"May 17, 2025",,,,,Yadian Martinez,,,,,,,,,,
Top 4,4,0,0,0,'0-0,Kitchener Panthers,Chatham-Kent Barnstormers,"May 17, 2025",,,,,Yadian Martinez,,,,,,,,,,
Top 4,4,0,0,0,'0-0,Kitchener Panthers,Chatham-Kent Barnstormers,"May 17, 2025",,,,,Yadian Martinez,,,,,,,,,,
Top 4,4,0,0,0,'0-0,Kitchener Panthers,Chatham-Kent Barnstormers,"May 17, 2025",,,,,Yadian Martinez,,,,,,,,,,
Top 4,4,0,0,0,'0-0,Kitchener Panthers,Chatham-Kent Barnstormers,"May 17, 2025",,,,,Yadian Martinez,,,,,,,,,,
Top 4,4,0,0,0,'0-0,Kitchener Panthers,Chatham-Kent Barnstormers,"May 17, 2025",,,,,Yadian Martinez,,,,,,,,,,
Top 4,4,0,0,0,'0-0,Kitchener Panthers,Chatham-Kent Barnstormers,"May 17, 2025",,,,,Yadian Martinez,,,,,,,,,,
Top 4,4,0,0,0,'0-0,Kitchener Panthers,Chatham-Kent Barnstormers,"May 17, 2025",,,,,Yadian Martinez,,,,,,,,,,
Top 4,4,0,0,0,'0-0,Kitchener Panthers,Chatham-Kent Barnstormers,"May 17, 2025",,,,,Yadian Martinez,,,,,,,,,,
Top 4,4,0,0,0,'0-0,Kitchener Panthers,Chatham-Kent Barnstormers,"May 17, 2025",,,,,Yadian Martinez,,,,,,,,,,
Top 4,4,0,0,0,'0-0,Kitchener Panthers,Chatham-Kent Barnstormers,"May 17, 2025",,,,,Yadian Martinez,,,,,,,,,,
Top 4,4,0,0,0,'0-0,Kitchener Panthers,Chatham-Kent Barnstormers,"May 17, 2025",,,,,Yadian Martinez,,,,,,,,,,
Top 4,4,0,0,0,'0-0,Kitchener Panthers,Chatham-Kent Barnstormers,"May 17, 2025",,,,,Yadian Martinez,,,,,,,,,,
Top 4,4,0,0,0,'0-0,Kitchener Panthers,Chatham-Kent Barnstormers,"May 17, 2025",,,,,Yadian Martinez,,,,,,,,,,
Top 4,4,0,0,0,'0-0,Kitchener Panthers,Chatham-Kent Barnstormers,"May 17, 2025",,,,,Yadian Martinez,,,,,,,,,,
Top 4,4,0,0,0,'0-0,Kitchener Panthers,Chatham-Kent Barnstormers,"May 17, 2025",,,,,Yadian Martinez,,,,,,,,,,
Top 4,4,0,0,0,'0-0,Kitchener Panthers,Chatham-Kent Barnstormers,"May 17, 2025",,,,,Yadian Martinez,,,,,,,,,,
Top 4,4,0,0,0,'0-0,Kitchener Panthers,Chatham-Kent Barnstormers,"May 17, 2025",,,,,Yadian Martinez,,,,,,,,,,
Top 4,4,0,0,0,'0-0,Kitchener Panthers,Chatham-Kent Barnstormers,"May 17, 2025",,,,,Yadian Martinez,,,,,,,,,,
Top 4,4,0,0,0,'0-0,Kitchener Panthers,Chatham-Kent Barnstormers,"May 17, 2025",,,,,Yadian Martinez,,,,,,,,,,
Top 4,4,0,0,0,'0-0,Kitchener Panthers,Chatham-Kent Barnstormers,"May 17, 2025",,,,,Yadian Martinez,,,,,,,,,,
Top 4,4,0,0,0,'0-0,Kitchener Panthers,Chatham-Kent Barnstormers,"May 17, 2025",,,,,Yadian Martinez,,,,,,,,,,
Top 4,4,0,0,0,'0-0,Kitchener Panthers,Chatham-Kent Barnstormers,"May 17, 2025",,,,,Yadian Martinez,,,,,,,,,,
Top 4,4,0,0,0,'0-0,Kitchener Panthers,Chatham-Kent Barnstormers,"May 17, 2025",,,,,Yadian Martinez,,,,,,,,,,
Top 4,4,0,0,0,'0-0,Kitchener Panthers,Chatham-Kent Barnstormers,"May 17, 2025",,,,,Yadian Martinez,,,,,,,,,,
Top 4,4,0,0,0,'0-0,Kitchener Panthers,Chatham-Kent Barnstormers,"May 17, 2025",,,,,Yadian Martinez,,,,,,,,,,
Top 4,4,0,0,0,'0-0,Kitchener Panthers,Chatham-Kent Barnstormers,"May 17, 2025",,,,,Yadian Martinez,,,,,,,,,,
Top 4,4,0,0,0,'0-0,Kitchener Panthers,Chatham-Kent Barnstormers,"May 17, 2025",,,,,Yadian Martinez,,,,,,,,,,
Top 4,4,0,0,0,'0-0,Kitchener Panthers,Chatham-Kent Barnstormers,"May 17, 2025",,,,,Yadian Martinez,,,,,,,,,,
Top 4,4,0,0,0,'0-0,Kitchener Panthers,Chatham-Kent Barnstormers,"May 17, 2025",,,,,Yadian Martinez,,,,,,,,,,
Top 4,4,0,0,0,'0-0,Kitchener Panthers,Chatham-Kent Barnstormers,"May 17, 2025",,,,,Yadian Martinez,,,,,,,,,,
Top 4,4,0,0,0,'0-0,Kitchener Panthers,Chatham-Kent Barnstormers,"May 17, 2025",,,,,Yadian Martinez,,,,,,,,,,
Top 4,4,0,0,0,'0-0,Kitchener Panthers,Chatham-Kent Barnstormers,"May 17, 2025",,,,,Yadian Martinez,,,,,,,,,,
Top 4,4,0,0,0,'0-0,Kitchener Panthers,Chatham-Kent Barnstormers,"May 17, 2025",,,,,Yadian Martinez,,,,,,,,,,
Top 4,4,0,0,0,'0-0,Kitchener Panthers,Chatham-Kent Barnstormers,"May 17, 2025",,,,,Yadian Martinez,,,,,,,,,,
Top 4,4,0,0,0,'0-0,Kitchener Panthers,Chatham-Kent Barnstormers,"May 17, 2025",,,,,Yadian Martinez,,,,,,,,,,
Top 4,4,0,0,0,'0-0,Kitchener Panthers,Chatham-Kent Barnstormers,"May 17, 2025",,,,,Yadian Martinez,,,,,,,,,,
Top 4,4,0,0,0,'0-0,Kitchener Panthers,Chatham-Kent Barnstormers,"May 17, 2025",,,,,Yadian Martinez,,,,,,,,,,
Top 4,4,0,0,0,'0-0,Kitchener Panthers,Chatham-Kent Barnstormers,"May 17, 2025",,,,,Yadian Martinez,,,,,,,,,,
Top 4,4,0,0,0,'0-0,Kitchener Panthers,Chatham-Kent Barnstormers,"May 17, 2025",,,,,Yadian Martinez,,,,,,,,,,
Top 4,4,0,0,0,'0-0,Kitchener Panthers,Chatham-Kent Barnstormers,"May 17, 2025",,,,,Yadian Martinez,,,,,,,,,,
Top 4,4,0,0,0,'0-0,Kitchener Panthers,Chatham-Kent Barnstormers,"May 17, 2025",,,,,Yadian Martinez,,,,,,,,,,
Top 4,4,0,0,0,'0-0,Kitchener Panthers,Chatham-Kent Barnstormers,"May 17, 2025",,,,,Yadian Martinez,,,,,,,,,,
Top 4,4,0,0,0,'0-0,Kitchener Panthers,Chatham-Kent Barnstormers,"May 17, 2025",,,,,Yadian Martinez,,,,,,,,,,
Top 4,4,0,0,0,'0-0,Kitchener Panthers,Chatham-Kent Barnstormers,"May 17, 2025",,,,,Yadian Martinez,,,,,,,,,,
Top 4,4,0,0,0,'0-0,Kitchener Panthers,Chatham-Kent Barnstormers,"May 17, 2025",,,,,Yadian Martinez,,,,,,,,,,
Top 4,4,0,0,0,'0-0,Kitchener Panthers,Chatham-Kent Barnstormers,"May 17, 2025",,,,,Yadian Martinez,,,,,,,,,,
Top 4,4,0,0,0,'0-0,Kitchener Panthers,Chatham-Kent Barnstormers,"May 17, 2025",,,,,Yadian Martinez,,,,,,,,,,
Top 4,4,0,0,0,'0-0,Kitchener Panthers,Chatham-Kent Barnstormers,"May 17, 2025",,,,,Yadian Martinez,,,,,,,,,,
Top 4,4,0,0,0,'0-0,Kitchener Panthers,Chatham-Kent Barnstormers,"May 17, 2025",,,,,Yadian Martinez,,,,,,,,,,
Top 4,4,0,0,0,'0-0,Kitchener Panthers,Chatham-Kent Barnstormers,"May 17, 2025",,,,,Yadian Martinez,,,,,,,,,,
Top 4,4,0,0,0,'0-0,Kitchener Panthers,Chatham-Kent Barnstormers,"May 17, 2025",,,,,Yadian Martinez,,,,,,,,,,
Top 4,4,0,0,0,'0-0,Kitchener Panthers,Chatham-Kent Barnstormers,"May 17, 2025",,,,,Yadian Martinez,,,,,,,,,,
Top 4,4,0,0,0,'0-0,Kitchener Panthers,Chatham-Kent Barnstormers,"May 17, 2025",,,,,Yadian Martinez,,,,,,,,,,
Top 4,4,0,0,0,'0-0,Kitchener Panthers,Chatham-Kent Barnstormers,"May 17, 2025",,,,,Yadian Martinez,,,,,,,,,,
Top 4,4,0,0,0,'0-0,Kitchener Panthers,Chatham-Kent Barnstormers,"May 17, 2025",,,,,Yadian Martinez,,,,,,,,,,
Top 4,4,0,0,0,'0-0,Kitchener Panthers,Chatham-Kent Barnstormers,"May 17, 2025",,,,,Yadian Martinez,,,,,,,,,,
Top 4,4,0,0,0,'0-0,Kitchener Panthers,Chatham-Kent Barnstormers,"May 17, 2025",,,,,Yadian Martinez,,,,,,,,,,
Top 4,4,0,0,0,'0-0,Kitchener Panthers,Chatham-Kent Barnstormers,"May 17, 2025",,,,,Yadian Martinez,,,,,,,,,,
Top 4,4,0,0,0,'0-0,Kitchener Panthers,Chatham-Kent Barnstormers,"May 17, 2025",,,,,Yadian Martinez,,,,,,,,,,
Top 4,4,0,0,0,'0-0,Kitchener Panthers,Chatham-Kent Barnstormers,"May 17, 2025",,,,,Yadian Martinez,,,,,,,,,,
Top 4,4,0,0,0,'0-0,Kitchener Panthers,Chatham-Kent Barnstormers,"May 17, 2025",,,,,Yadian Martinez,,,,,,,,,,
Top 4,4,0,0,0,'0-0,Kitchener Panthers,Chatham-Kent Barnstormers,"May 17, 2025",,,,,Yadian Martinez,,,,,,,,,,
Top 4,4,0,0,0,'0-0,Kitchener Panthers,Chatham-Kent Barnstormers,"May 17, 2025",,,,,Yadian Martinez,,,,,,,,,,
Top 4,4,0,0,0,'0-0,Kitchener Panthers,Chatham-Kent Barnstormers,"May 17, 2025",,,,,Yadian Martinez,,,,,,,,,,
Top 4,4,0,0,0,'0-0,Kitchener Panthers,Chatham-Kent Barnstormers,"May 17, 2025",,,,,Yadian Martinez,,,,,,,,,,
Top 4,4,0,0,0,'0-0,Kitchener Panthers,Chatham-Kent Barnstormers,"May 17, 2025",,,,,Yadian Martinez,,,,,,,,,,
Top 4,4,0,0,0,'0-0,Kitchener Panthers,Chatham-Kent Barnstormers,"May 17, 2025",,,,,Yadian Martinez,,,,,,,,,,
Top 4,4,0,0,0,'0-0,Kitchener Panthers,Chatham-Kent Barnstormers,"May 17, 2025",,,,,Yadian Martinez,,,,,,,,,,
Top 4,4,0,0,0,'0-0,Kitchener Panthers,Chatham-Kent Barnstormers,"May 17, 2025",,,,,Yadian Martinez,,,,,,,,,,
Top 4,4,0,0,0,'0-0,Kitchener Panthers,Chatham-Kent Barnstormers,"May 17, 2025",,,,,Yadian Martinez,,,,,,,,,,
Top 4,4,0,0,0,'0-0,Kitchener Panthers,Chatham-Kent Barnstormers,"May 17, 2025",,,,,Yadian Martinez,,,,,,,,,,
Top 4,4,0,0,0,'0-0,Kitchener Panthers,Chatham-Kent Barnstormers,"May 17, 2025",,,,,Yadian Martinez,,,,,,,,,,
Top 4,4,0,0,0,'0-0,Kitchener Panthers,Chatham-Kent Barnstormers,"May 17, 2025",,,,,Yadian Martinez,,,,,,,,,,
Top 4,4,0,0,0,'0-0,Kitchener Panthers,Chatham-Kent Barnstormers,"May 17, 2025",,,,,Yadian Martinez,,,,,,,,,,
Top 4,4,0,0,0,'0-0,Kitchener Panthers,Chatham-Kent Barnstormers,"May 17, 2025",,,,,Yadian Martinez,,,,,,,,,,
Top 4,4,0,0,0,'0-0,Kitchener Panthers,Chatham-Kent Barnstormers,"May 17, 2025",,,,,Yadian Martinez,,,,,,,,,,
Top 4,4,0,0,0,'0-0,Kitchener Panthers,Chatham-Kent Barnstormers,"May 17, 2025",,,,,Yadian Martinez,,,,,,,,,,
Top 4,4,0,0,0,'0-0,Kitchener Panthers,Chatham-Kent Barnstormers,"May 17, 2025",,,,,Yadian Martinez,,,,,,,,,,
Top 4,4,0,0,0,'0-0,Kitchener Panthers,Chatham-Kent Barnstormers,"May 17, 2025",,,,,Yadian Martinez,,,,,,,,,,
Top 4,4,0,0,0,'0-0,Kitchener Panthers,Chatham-Kent Barnstormers,"May 17, 2025",,,,,Yadian Martinez,,,,,,,,,,
Top 4,4,0,0,0,'0-0,Kitchener Panthers,Chatham-Kent Barnstormers,"May 17, 2025",,,,,Yadian Martinez,,,,,,,,,,
Top 4,4,0,0,0,'0-0,Kitchener Panthers,Chatham-Kent Barnstormers,"May 17, 2025",,,,,Yadian Martinez,,,,,,,,,,
Top 4,4,0,0,0,'0-0,Kitchener Panthers,Chatham-Kent Barnstormers,"May 17, 2025",,,,,Yadian Martinez,,,,,,,,,,
Top 4,4,0,0,0,'0-0,Kitchener Panthers,Chatham-Kent Barnstormers,"May 17, 2025",,,,,Yadian Martinez,,,,,,,,,,
Top 4,4,0,0,0,'0-0,Kitchener Panthers,Chatham-Kent Barnstormers,"May 17, 2025",,,,,Yadian Martinez,,,,,,,,,,
Top 4,4,0,0,0,'0-0,Kitchener Panthers,Chatham-Kent Barnstormers,"May 17, 2025",,,,,Yadian Martinez,,,,,,,,,,
Top 4,4,0,0,0,'0-0,Kitchener Panthers,Chatham-Kent Barnstormers,"May 17, 2025",,,,,Yadian Martinez,,,,,,,,,,
Top 4,4,0,0,0,'0-0,Kitchener Panthers,Chatham-Kent Barnstormers,"May 17, 2025",,,,,Yadian Martinez,,,,,,,,,,
Top 4,4,0,0,0,'0-0,Kitchener Panthers,Chatham-Kent Barnstormers,"May 17, 2025",,,,,Yadian Martinez,,,,,,,,,,
Top 4,4,0,0,0,'0-0,Kitchener Panthers,Chatham-Kent Barnstormers,"May 17, 2025",,,,,Yadian Martinez,,,,,,,,,,
Top 4,4,0,0,0,'0-0,Kitchener Panthers,Chatham-Kent Barnstormers,"May 17, 2025",,,,,Yadian Martinez,,,,,,,,,,
Top 4,4,0,0,0,'0-0,Kitchener Panthers,Chatham-Kent Barnstormers,"May 17, 2025",,,,,Yadian Martinez,,,,,,,,,,
Top 4,4,0,0,0,'0-0,Kitchener Panthers,Chatham-Kent Barnstormers,"May 17, 2025",,,,,Yadian Martinez,,,,,,,,,,
Top 4,4,0,0,0,'0-0,Kitchener Panthers,Chatham-Kent Barnstormers,"May 17, 2025",,,,,Yadian Martinez,,,,,,,,,,
Top 4,4,0,0,0,'0-0,Kitchener Panthers,Chatham-Kent Barnstormers,"May 17, 2025",,,,,Yadian Martinez,,,,,,,,,,
Top 4,4,0,0,0,'0-0,Kitchener Panthers,Chatham-Kent Barnstormers,"May 17, 2025",,,,,Yadian Martinez,,,,,,,,,,
Top 4,4,0,0,0,'0-0,Kitchener Panthers,Chatham-Kent Barnstormers,"May 17, 2025",,,,,Yadian Martinez,,,,,,,,,,
Top 4,4,0,0,0,'0-0,Kitchener Panthers,Chatham-Kent Barnstormers,"May 17, 2025",,,,,Yadian Martinez,,,,,,,,,,
Top 4,4,0,0,0,'0-0,Kitchener Panthers,Chatham-Kent Barnstormers,"May 17, 2025",,,,,Yadian Martinez,,,,,,,,,,
Top 4,4,0,0,0,'0-0,Kitchener Panthers,Chatham-Kent Barnstormers,"May 17, 2025",,,,,Yadian Martinez,,,,,,,,,,
Top 4,4,0,0,0,'0-0,Kitchener Panthers,Chatham-Kent Barnstormers,"May 17, 2025",,,,,Yadian Martinez,,,,,,,,,,
Top 4,4,0,0,0,'0-0,Kitchener Panthers,Chatham-Kent Barnstormers,"May 17, 2025",,,,,Yadian Martinez,,,,,,,,,,
Top 4,4,0,0,0,'0-0,Kitchener Panthers,Chatham-Kent Barnstormers,"May 17, 2025",,,,,Yadian Martinez,,,,,,,,,,
Top 4,4,0,0,0,'0-0,Kitchener Panthers,Chatham-Kent Barnstormers,"May 17, 2025",,,,,Yadian Martinez,,,,,,,,,,
Top 4,4,0,0,0,'0-0,Kitchener Panthers,Chatham-Kent Barnstormers,"May 17, 2025",,,,,Yadian Martinez,,,,,,,,,,
Top 4,4,0,0,0,'0-0,Kitchener Panthers,Chatham-Kent Barnstormers,"May 17, 2025",,,,,Yadian Martinez,,,,,,,,,,
Top 4,4,0,0,0,'0-0,Kitchener Panthers,Chatham-Kent Barnstormers,"May 17, 2025",,,,,Yadian Martinez,,,,,,,,,,
Top 4,4,0,0,0,'0-0,Kitchener Panthers,Chatham-Kent Barnstormers,"May 17, 2025",,,,,Yadian Martinez,,,,,,,,,,
Top 4,4,0,0,0,'0-0,Kitchener Panthers,Chatham-Kent Barnstormers,"May 17, 2025",,,,,Yadian Martinez,,,,,,,,,,
Top 4,4,0,0,0,'0-0,Kitchener Panthers,Chatham-Kent Barnstormers,"May 17, 2025",,,,,Yadian Martinez,,,,,,,,,,
Top 4,4,0,0,0,'0-0,Kitchener Panthers,Chatham-Kent Barnstormers,"May 17, 2025",,,,,Yadian Martinez,,,,,,,,,,
Top 4,4,0,0,0,'0-0,Kitchener Panthers,Chatham-Kent Barnstormers,"May 17, 2025",,,,,Yadian Martinez,,,,,,,,,,
Top 4,4,0,0,0,'0-0,Kitchener Panthers,Chatham-Kent Barnstormers,"May 17, 2025",,,,,Yadian Martinez,,,,,,,,,,
Top 4,4,0,0,0,'0-0,Kitchener Panthers,Chatham-Kent Barnstormers,"May 17, 2025",,,,,Yadian Martinez,,,,,,,,,,
Top 4,4,0,0,0,'0-0,Kitchener Panthers,Chatham-Kent Barnstormers,"May 17, 2025",,,,,Yadian Martinez,,,,,,,,,,
Top 4,4,0,0,0,'0-0,Kitchener Panthers,Chatham-Kent Barnstormers,"May 17, 2025",,,,,Yadian Martinez,,,,,,,,,,
Top 4,4,0,0,0,'0-0,Kitchener Panthers,Chatham-Kent Barnstormers,"May 17, 2025",,,,,Yadian Martinez,,,,,,,,,,
Top 4,4,0,0,0,'0-0,Kitchener Panthers,Chatham-Kent Barnstormers,"May 17, 2025",,,,,Yadian Martinez,,,,,,,,,,
Top 4,4,0,0,0,'0-0,Kitchener Panthers,Chatham-Kent Barnstormers,"May 17, 2025",,,,,Yadian Martinez,,,,,,,,,,
Top 4,4,0,0,0,'0-0,Kitchener Panthers,Chatham-Kent Barnstormers,"May 17, 2025",,,,,Yadian Martinez,,,,,,,,,,
Top 4,4,0,0,0,'0-0,Kitchener Panthers,Chatham-Kent Barnstormers,"May 17, 2025",,,,,Yadian Martinez,,,,,,,,,,
Top 4,4,0,0,0,'0-0,Kitchener Panthers,Chatham-Kent Barnstormers,"May 17, 2025",,,,,Yadian Martinez,,,,,,,,,,
Top 4,4,0,0,0,'0-0,Kitchener Panthers,Chatham-Kent Barnstormers,"May 17, 2025",,,,,Yadian Martinez,,,,,,,,,,
Top 4,4,0,0,0,'0-0,Kitchener Panthers,Chatham-Kent Barnstormers,"May 17, 2025",,,,,Yadian Martinez,,,,,,,,,,
Top 4,4,0,0,0,'0-0,Kitchener Panthers,Chatham-Kent Barnstormers,"May 17, 2025",,,,,Yadian Martinez,,,,,,,,,,
Top 4,4,0,0,0,'0-0,Kitchener Panthers,Chatham-Kent Barnstormers,"May 17, 2025",,,,,Yadian Martinez,,,,,,,,,,
Top 4,4,0,0,0,'0-0,Kitchener Panthers,Chatham-Kent Barnstormers,"May 17, 2025",,,,,Yadian Martinez,,,,,,,,,,
Top 4,4,0,0,0,'0-0,Kitchener Panthers,Chatham-Kent Barnstormers,"May 17, 2025",,,,,Yadian Martinez,,,,,,,,,,
Top 4,4,0,0,0,'0-0,Kitchener Panthers,Chatham-Kent Barnstormers,"May 17, 2025",,,,,Yadian Martinez,,,,,,,,,,
Top 4,4,0,0,0,'0-0,Kitchener Panthers,Chatham-Kent Barnstormers,"May 17, 2025",,,,,Yadian Martinez,,,,,,,,,,
Top 4,4,0,0,0,'0-0,Kitchener Panthers,Chatham-Kent Barnstormers,"May 17, 2025",,,,,Yadian Martinez,,,,,,,,,,
Top 4,4,0,0,0,'0-0,Kitchener Panthers,Chatham-Kent Barnstormers,"May 17, 2025",,,,,Yadian Martinez,,,,,,,,,,
Top 4,4,0,0,0,'0-0,Kitchener Panthers,Chatham-Kent Barnstormers,"May 17, 2025",,,,,Yadian Martinez,,,,,,,,,,
Top 4,4,0,0,0,'0-0,Kitchener Panthers,Chatham-Kent Barnstormers,"May 17, 2025",,,,,Yadian Martinez,,,,,,,,,,
Top 4,4,0,0,0,'0-0,Kitchener Panthers,Chatham-Kent Barnstormers,"May 17, 2025",,,,,Yadian Martinez,,,,,,,,,,
Top 4,4,0,0,0,'0-0,Kitchener Panthers,Chatham-Kent Barnstormers,"May 17, 2025",,,,,Yadian Martinez,,,,,,,,,,
Top 4,4,0,0,0,'0-0,Kitchener Panthers,Chatham-Kent Barnstormers,"May 17, 2025",,,,,Yadian Martinez,,,,,,,,,,
Top 4,4,0,0,0,'0-0,Kitchener Panthers,Chatham-Kent Barnstormers,"May 17, 2025",,,,,Yadian Martinez,,,,,,,,,,
Top 4,4,0,0,0,'0-0,Kitchener Panthers,Chatham-Kent Barnstormers,"May 17, 2025",,,,,Yadian Martinez,,,,,,,,,,
Top 4,4,0,0,0,'0-0,Kitchener Panthers,Chatham-Kent Barnstormers,"May 17, 2025",,,,,Yadian Martinez,,,,,,,,,,
Top 4,4,0,0,0,'0-0,Kitchener Panthers,Chatham-Kent Barnstormers,"May 17, 2025",,,,,Yadian Martinez,,,,,,,,,,
Top 4,4,0,0,0,'0-0,Kitchener Panthers,Chatham-Kent Barnstormers,"May 17, 2025",,,,,Yadian Martinez,,,,,,,,,,
Top 4,4,0,0,0,'0-0,Kitchener Panthers,Chatham-Kent Barnstormers,"May 17, 2025",,,,,Yadian Martinez,,,,,,,,,,
Top 4,4,0,0,0,'0-0,Kitchener Panthers,Chatham-Kent Barnstormers,"May 17, 2025",,,,,Yadian Martinez,,,,,,,,,,
Top 4,4,0,0,0,'0-0,Kitchener Panthers,Chatham-Kent Barnstormers,"May 17, 2025",,,,,Yadian Martinez,,,,,,,,,,
Top 4,4,0,0,0,'0-0,Kitchener Panthers,Chatham-Kent Barnstormers,"May 17, 2025",,,,,Yadian Martinez,,,,,,,,,,
Top 4,4,0,0,0,'0-0,Kitchener Panthers,Chatham-Kent Barnstormers,"May 17, 2025",,,,,Yadian Martinez,,,,,,,,,,
Top 4,4,0,0,0,'0-0,Kitchener Panthers,Chatham-Kent Barnstormers,"May 17, 2025",,,,,Yadian Martinez,,,,,,,,,,
Top 4,4,0,0,0,'0-0,Kitchener Panthers,Chatham-Kent Barnstormers,"May 17, 2025",,,,,Yadian Martinez,,,,,,,,,,
Top 4,4,0,0,0,'0-0,Kitchener Panthers,Chatham-Kent Barnstormers,"May 17, 2025",,,,,Yadian Martinez,,,,,,,,,,
Top 4,4,0,0,0,'0-0,Kitchener Panthers,Chatham-Kent Barnstormers,"May 17, 2025",,,,,Yadian Martinez,,,,,,,,,,
Top 4,4,0,0,0,'0-0,Kitchener Panthers,Chatham-Kent Barnstormers,"May 17, 2025",,,,,Yadian Martinez,,,,,,,,,,
Top 4,4,0,0,0,'0-0,Kitchener Panthers,Chatham-Kent Barnstormers,"May 17, 2025",,,,,Yadian Martinez,,,,,,,,,,
Top 4,4,0,0,0,'0-0,Kitchener Panthers,Chatham-Kent Barnstormers,"May 17, 2025",,,,,Yadian Martinez,,,,,,,,,,
Top 4,4,0,0,0,'0-0,Kitchener Panthers,Chatham-Kent Barnstormers,"May 17, 2025",,,,,Yadian Martinez,,,,,,,,,,
Top 4,4,0,0,0,'0-0,Kitchener Panthers,Chatham-Kent Barnstormers,"May 17, 2025",,,,,Yadian Martinez,,,,,,,,,,
Top 4,4,0,0,0,'0-0,Kitchener Panthers,Chatham-Kent Barnstormers,"May 17, 2025",,,,,Yadian Martinez,,,,,,,,,,
Top 4,4,0,0,0,'0-0,Kitchener Panthers,Chatham-Kent Barnstormers,"May 17, 2025",,,,,Yadian Martinez,,,,,,,,,,
Top 4,4,0,0,0,'0-0,Kitchener Panthers,Chatham-Kent Barnstormers,"May 17, 2025",,,,,Yadian Martinez,,,,,,,,,,
Top 4,4,0,0,0,'0-0,Kitchener Panthers,Chatham-Kent Barnstormers,"May 17, 2025",,,,,Yadian Martinez,,,,,,,,,,
Top 4,4,0,0,0,'0-0,Kitchener Panthers,Chatham-Kent Barnstormers,"May 17, 2025",,,,,Yadian Martinez,,,,,,,,,,
Top 4,4,0,0,0,'0-0,Kitchener Panthers,Chatham-Kent Barnstormers,"May 17, 2025",,,,,Yadian Martinez,,,,,,,,,,
Top 4,4,0,0,0,'0-0,Kitchener Panthers,Chatham-Kent Barnstormers,"May 17, 2025",,,,,Yadian Martinez,,,,,,,,,,
Top 4,4,0,0,0,'0-0,Kitchener Panthers,Chatham-Kent Barnstormers,"May 17, 2025",,,,,Yadian Martinez,,,,,,,,,,
Top 4,4,0,0,0,'0-0,Kitchener Panthers,Chatham-Kent Barnstormers,"May 17, 2025",,,,,Yadian Martinez,,,,,,,,,,
Top 4,4,0,0,0,'0-0,Kitchener Panthers,Chatham-Kent Barnstormers,"May 17, 2025",,,,,Yadian Martinez,,,,,,,,,,
Top 4,4,0,0,0,'0-0,Kitchener Panthers,Chatham-Kent Barnstormers,"May 17, 2025",,,,,Yadian Martinez,,,,,,,,,,
Top 4,4,0,0,0,'0-0,Kitchener Panthers,Chatham-Kent Barnstormers,"May 17, 2025",,,,,Yadian Martinez,,,,,,,,,,
Top 4,4,0,0,0,'0-0,Kitchener Panthers,Chatham-Kent Barnstormers,"May 17, 2025",,,,,Yadian Martinez,,,,,,,,,,
Top 4,4,0,0,0,'0-0,Kitchener Panthers,Chatham-Kent Barnstormers,"May 17, 2025",,,,,Yadian Martinez,,,,,,,,,,
Top 4,4,0,0,0,'0-0,Kitchener Panthers,Chatham-Kent Barnstormers,"May 17, 2025",,,,,Yadian Martinez,,,,,,,,,,
Top 4,4,0,0,0,'0-0,Kitchener Panthers,Chatham-Kent Barnstormers,"May 17, 2025",,,,,Yadian Martinez,,,,,,,,,,